binary-transformed_tr_0.csv,binary-transformed_tr_1.csv,binary-transformed_tr_10.csv,binary-transformed_tr_11.csv,binary-transformed_tr_12.csv,binary-transformed_tr_13.csv,binary-transformed_tr_14.csv,binary-transformed_tr_15.csv,binary-transformed_tr_16.csv,binary-transformed_tr_17.csv,binary-transformed_tr_18.csv,binary-transformed_tr_2.csv,binary-transformed_tr_20.csv,binary-transformed_tr_19.csv,binary-transformed_tr_21.csv,binary-transformed_tr_22.csv,binary-transformed_tr_23.csv,binary-transformed_tr_24.csv,binary-transformed_tr_25.csv,binary-transformed_tr_26.csv,binary-transformed_tr_27.csv,binary-transformed_tr_28.csv,binary-transformed_tr_29.csv,binary-transformed_tr_3.csv,binary-transformed_tr_4.csv,binary-transformed_tr_5.csv,binary-transformed_tr_6.csv,binary-transformed_tr_7.csv,binary-transformed_tr_8.csv,binary-transformed_tr_9.csv,binary-transformed_ts_0.csv,binary-transformed_ts_1.csv,binary-transformed_ts_10.csv,binary-transformed_ts_11.csv,binary-transformed_ts_12.csv,binary-transformed_ts_13.csv,binary-transformed_ts_14.csv,binary-transformed_ts_16.csv,binary-transformed_ts_17.csv,binary-transformed_ts_18.csv,binary-transformed_ts_15.csv,binary-transformed_ts_19.csv,binary-transformed_ts_2.csv,binary-transformed_ts_20.csv,binary-transformed_ts_21.csv,binary-transformed_ts_22.csv,binary-transformed_ts_23.csv,binary-transformed_ts_24.csv,binary-transformed_ts_25.csv,binary-transformed_ts_26.csv,binary-transformed_ts_27.csv,binary-transformed_ts_3.csv,binary-transformed_ts_28.csv,binary-transformed_ts_29.csv,binary-transformed_ts_4.csv,binary-transformed_ts_5.csv,binary-transformed_ts_6.csv,binary-transformed_ts_7.csv,binary-transformed_ts_8.csv,binary-transformed_ts_9.csv
96,295,37,285,288,93,262,303,388,107,380,170,61,435,377,380,221,334,72,133,160,254,294,139,25,284,61,387,126,71,330.0,330.0,181.0,294.0,444.0,294.0,313.0,135.0,354.0,221.0,383.0,430.0,154.0,47.0,393.0,66.0,174.0,366.0,23.0,181.0,313.0,370.0,261.0,452.0,203.0,43.0,330.0,258.0,399.0,220.0
412,18,66,386,42,106,216,254,275,113,222,228,277,136,264,148,233,72,400,48,286,103,175,37,202,151,222,28,426,200,153.0,101.0,274.0,219.0,394.0,29.0,20.0,129.0,105.0,281.0,358.0,270.0,65.0,290.0,179.0,386.0,203.0,154.0,414.0,36.0,131.0,164.0,436.0,292.0,205.0,209.0,30.0,458.0,27.0,172.0
160,40,315,381,289,170,395,268,246,452,3,175,374,98,292,428,323,400,241,67,122,227,291,209,160,18,305,41,25,69,135.0,191.0,98.0,447.0,6.0,234.0,244.0,392.0,204.0,342.0,380.0,163.0,217.0,13.0,266.0,31.0,373.0,76.0,368.0,71.0,415.0,190.0,287.0,300.0,214.0,240.0,351.0,318.0,256.0,301.0
142,119,318,403,140,37,21,6,249,293,105,342,16,348,319,94,123,265,120,26,243,410,317,409,193,321,383,206,11,122,78.0,66.0,147.0,228.0,230.0,324.0,220.0,457.0,70.0,273.0,25.0,38.0,458.0,269.0,389.0,173.0,226.0,322.0,370.0,254.0,366.0,381.0,320.0,324.0,89.0,378.0,384.0,132.0,56.0,391.0
171,242,12,190,393,177,82,209,53,121,40,425,381,187,106,204,348,280,359,321,448,372,389,279,84,272,285,22,372,150,360.0,326.0,260.0,262.0,249.0,353.0,183.0,214.0,445.0,283.0,313.0,155.0,395.0,29.0,378.0,389.0,158.0,390.0,250.0,278.0,387.0,103.0,49.0,82.0,350.0,282.0,350.0,145.0,179.0,256.0
49,238,418,137,439,227,116,69,456,207,444,399,140,237,323,315,139,162,283,249,447,369,165,390,133,185,353,253,369,265,71.0,449.0,310.0,341.0,453.0,323.0,309.0,280.0,35.0,265.0,367.0,10.0,354.0,441.0,436.0,283.0,14.0,19.0,38.0,144.0,429.0,107.0,77.0,36.0,368.0,349.0,163.0,377.0,95.0,405.0
52,260,335,257,69,345,421,302,1,370,391,419,329,310,123,178,168,309,104,200,132,294,412,429,344,116,405,32,176,331,422.0,225.0,355.0,258.0,262.0,65.0,106.0,359.0,99.0,137.0,77.0,316.0,403.0,377.0,66.0,239.0,334.0,459.0,96.0,205.0,304.0,255.0,240.0,308.0,413.0,307.0,320.0,212.0,234.0,174.0
74,271,152,277,101,443,250,35,369,28,398,28,62,150,134,120,207,40,348,348,152,134,340,287,351,311,455,74,362,21,221.0,246.0,389.0,217.0,21.0,7.0,446.0,222.0,109.0,25.0,294.0,108.0,200.0,348.0,310.0,101.0,319.0,270.0,379.0,50.0,38.0,80.0,150.0,337.0,11.0,34.0,71.0,341.0,89.0,324.0
26,457,435,195,323,277,343,54,325,71,172,382,241,421,59,456,383,426,431,433,353,308,328,205,72,343,112,280,266,97,362.0,67.0,457.0,344.0,344.0,450.0,136.0,391.0,415.0,379.0,250.0,12.0,20.0,189.0,219.0,206.0,114.0,377.0,188.0,251.0,321.0,265.0,305.0,249.0,341.0,445.0,344.0,179.0,279.0,109.0
45,230,334,211,220,422,203,324,128,341,16,199,254,455,272,90,294,446,347,153,134,178,78,303,62,0,155,57,367,435,301.0,406.0,188.0,307.0,356.0,336.0,130.0,199.0,450.0,29.0,21.0,447.0,152.0,74.0,37.0,320.0,63.0,226.0,334.0,435.0,29.0,364.0,110.0,348.0,18.0,138.0,59.0,443.0,154.0,329.0
159,80,174,170,144,134,62,227,271,225,214,330,436,142,199,427,210,46,204,155,267,10,218,239,299,60,138,271,213,74,132.0,456.0,24.0,179.0,272.0,395.0,72.0,103.0,402.0,352.0,267.0,61.0,225.0,328.0,341.0,437.0,389.0,81.0,299.0,328.0,393.0,193.0,158.0,60.0,232.0,414.0,280.0,120.0,247.0,282.0
164,46,241,238,48,242,80,105,76,169,330,192,179,186,370,301,2,206,273,276,377,119,351,196,76,280,239,62,286,368,249.0,168.0,207.0,453.0,397.0,319.0,368.0,338.0,256.0,228.0,201.0,355.0,434.0,56.0,40.0,40.0,273.0,188.0,117.0,379.0,106.0,262.0,67.0,19.0,448.0,453.0,28.0,274.0,292.0,236.0
4,420,408,451,202,183,77,275,140,14,62,284,104,376,452,167,13,433,45,409,26,47,137,326,295,401,231,328,87,192,317.0,366.0,414.0,282.0,201.0,151.0,274.0,225.0,320.0,166.0,124.0,26.0,89.0,63.0,70.0,368.0,286.0,304.0,224.0,187.0,444.0,81.0,344.0,142.0,108.0,302.0,292.0,303.0,350.0,90.0
355,223,354,419,404,406,381,38,358,356,318,68,324,359,198,447,338,428,121,280,142,223,454,98,392,273,311,382,30,81,430.0,186.0,336.0,266.0,150.0,0.0,292.0,18.0,304.0,38.0,251.0,161.0,100.0,91.0,437.0,444.0,302.0,285.0,350.0,390.0,390.0,442.0,255.0,358.0,272.0,139.0,90.0,294.0,103.0,271.0
240,85,208,368,322,226,430,402,71,79,443,435,295,140,331,339,420,431,153,304,311,159,30,191,221,101,288,84,406,162,12.0,185.0,392.0,427.0,40.0,125.0,290.0,244.0,95.0,267.0,40.0,89.0,236.0,347.0,127.0,432.0,349.0,437.0,162.0,259.0,208.0,144.0,307.0,37.0,103.0,141.0,154.0,331.0,131.0,429.0
318,354,270,234,200,246,42,106,264,383,123,275,311,278,347,98,156,389,4,427,439,379,54,323,451,33,273,50,50,407,352.0,4.0,119.0,53.0,169.0,221.0,267.0,301.0,142.0,47.0,270.0,257.0,445.0,197.0,57.0,111.0,345.0,442.0,399.0,14.0,147.0,376.0,61.0,47.0,397.0,319.0,377.0,433.0,141.0,302.0
278,81,99,456,317,168,117,308,212,344,39,182,327,48,191,421,82,100,118,72,27,450,276,186,8,261,247,423,417,217,194.0,192.0,249.0,404.0,250.0,321.0,142.0,200.0,53.0,261.0,241.0,146.0,269.0,181.0,155.0,311.0,112.0,420.0,218.0,59.0,268.0,128.0,248.0,271.0,124.0,90.0,355.0,363.0,225.0,257.0
8,41,280,305,350,152,222,429,217,64,50,371,110,362,26,177,422,135,285,135,172,235,235,266,34,168,374,399,311,270,424.0,329.0,223.0,198.0,44.0,97.0,189.0,365.0,236.0,51.0,330.0,216.0,439.0,414.0,173.0,282.0,406.0,308.0,127.0,70.0,431.0,88.0,137.0,133.0,329.0,56.0,412.0,419.0,445.0,80.0
263,409,226,290,399,352,163,228,354,286,259,364,407,13,186,130,440,147,356,42,418,371,117,310,302,447,223,168,119,50,250.0,47.0,437.0,268.0,176.0,118.0,102.0,87.0,29.0,280.0,413.0,432.0,421.0,35.0,135.0,58.0,201.0,333.0,245.0,159.0,342.0,434.0,380.0,96.0,212.0,339.0,282.0,248.0,303.0,4.0
5,339,84,83,396,419,397,417,147,330,196,432,117,223,12,119,232,16,97,235,183,229,61,130,186,456,200,162,273,361,437.0,273.0,170.0,158.0,441.0,27.0,354.0,322.0,332.0,148.0,13.0,120.0,266.0,332.0,298.0,169.0,91.0,249.0,33.0,322.0,226.0,218.0,74.0,265.0,63.0,301.0,299.0,65.0,181.0,459.0
134,284,149,433,71,411,10,47,427,329,109,385,31,8,170,4,215,70,373,51,271,374,41,154,340,184,137,425,127,349,219.0,201.0,129.0,232.0,168.0,385.0,69.0,136.0,307.0,1.0,44.0,361.0,67.0,360.0,460.0,347.0,309.0,419.0,416.0,425.0,136.0,16.0,438.0,112.0,6.0,224.0,44.0,164.0,355.0,18.0
392,436,101,113,285,161,258,439,419,275,9,378,163,133,255,57,204,15,24,386,320,63,444,368,70,340,140,174,306,103,15.0,146.0,114.0,207.0,205.0,110.0,132.0,298.0,134.0,296.0,191.0,157.0,268.0,10.0,318.0,350.0,73.0,372.0,268.0,324.0,296.0,14.0,367.0,106.0,362.0,122.0,275.0,60.0,412.0,372.0
141,173,378,189,277,441,364,307,320,296,262,160,217,84,422,285,266,335,385,220,63,317,365,127,192,360,372,165,388,159,200.0,172.0,331.0,216.0,1.0,268.0,44.0,204.0,285.0,94.0,131.0,176.0,301.0,325.0,35.0,384.0,287.0,169.0,337.0,353.0,3.0,460.0,121.0,372.0,405.0,404.0,117.0,111.0,180.0,188.0
7,328,416,276,207,275,16,58,247,435,87,161,391,30,89,89,27,320,429,269,12,364,456,55,45,132,366,159,430,44,375.0,304.0,298.0,299.0,293.0,2.0,419.0,378.0,173.0,115.0,452.0,83.0,141.0,92.0,51.0,374.0,261.0,142.0,293.0,58.0,220.0,27.0,165.0,33.0,200.0,99.0,189.0,239.0,208.0,2.0
157,380,164,88,368,445,160,185,253,368,423,215,321,76,239,171,357,189,412,380,232,312,297,400,285,450,441,350,325,249,306.0,446.0,161.0,443.0,281.0,157.0,245.0,368.0,425.0,225.0,323.0,27.0,356.0,384.0,9.0,13.0,326.0,327.0,330.0,246.0,299.0,401.0,62.0,97.0,100.0,75.0,432.0,405.0,8.0,339.0
382,342,411,61,43,435,137,60,334,455,240,70,81,253,409,32,386,152,84,66,70,88,246,102,379,176,375,390,97,68,118.0,189.0,88.0,397.0,11.0,299.0,329.0,64.0,132.0,98.0,244.0,117.0,377.0,219.0,448.0,127.0,108.0,17.0,223.0,281.0,386.0,389.0,343.0,207.0,106.0,299.0,148.0,404.0,370.0,106.0
22,197,142,162,357,434,306,287,51,112,121,37,45,417,128,224,320,355,381,61,162,14,138,211,253,55,359,351,238,310,374.0,283.0,230.0,135.0,280.0,114.0,60.0,126.0,294.0,160.0,264.0,143.0,18.0,451.0,215.0,334.0,353.0,37.0,189.0,139.0,206.0,132.0,420.0,157.0,169.0,40.0,205.0,129.0,92.0,146.0
68,11,76,101,193,423,417,178,38,460,207,131,432,209,277,137,251,368,111,369,317,290,70,137,166,223,428,90,33,381,1.0,31.0,300.0,39.0,270.0,101.0,442.0,343.0,211.0,97.0,334.0,130.0,267.0,185.0,362.0,452.0,425.0,429.0,140.0,228.0,37.0,407.0,89.0,109.0,134.0,436.0,53.0,330.0,166.0,457.0
426,106,97,54,90,13,460,286,216,302,254,417,95,91,329,407,331,316,48,195,457,394,126,320,43,201,407,96,413,98,10.0,379.0,322.0,274.0,385.0,356.0,345.0,416.0,411.0,432.0,386.0,300.0,146.0,147.0,289.0,147.0,148.0,6.0,95.0,239.0,23.0,224.0,349.0,29.0,254.0,413.0,179.0,163.0,162.0,425.0
20,236,379,367,267,437,79,86,84,284,416,230,28,2,279,388,43,132,246,391,91,143,286,270,180,427,134,395,22,434,340.0,161.0,107.0,16.0,85.0,140.0,445.0,377.0,345.0,320.0,338.0,96.0,103.0,303.0,13.0,265.0,34.0,90.0,247.0,374.0,105.0,297.0,230.0,227.0,443.0,312.0,12.0,114.0,0.0,180.0
284,165,302,169,206,271,179,419,361,3,414,345,229,415,442,1,268,266,325,331,193,72,223,195,42,376,116,98,177,76,313.0,245.0,7.0,448.0,16.0,245.0,414.0,164.0,358.0,276.0,320.0,181.0,317.0,165.0,284.0,163.0,362.0,126.0,404.0,5.0,249.0,161.0,253.0,287.0,47.0,234.0,79.0,82.0,158.0,359.0
295,397,214,55,387,100,264,399,59,412,179,262,417,222,45,395,107,251,231,229,35,108,366,185,262,236,48,222,224,232,21.0,300.0,444.0,296.0,37.0,69.0,55.0,390.0,295.0,451.0,89.0,381.0,69.0,346.0,142.0,280.0,342.0,241.0,37.0,238.0,442.0,439.0,19.0,156.0,55.0,373.0,199.0,301.0,239.0,418.0
14,93,376,435,64,219,3,125,375,86,19,172,205,23,424,41,329,32,56,294,346,149,441,189,442,416,183,194,428,53,208.0,338.0,337.0,355.0,229.0,33.0,5.0,30.0,122.0,327.0,174.0,75.0,221.0,418.0,141.0,459.0,145.0,344.0,186.0,274.0,384.0,159.0,138.0,359.0,14.0,316.0,452.0,417.0,437.0,294.0
315,312,350,394,122,455,174,204,309,13,145,307,0,387,14,140,315,51,433,192,7,271,440,278,152,162,269,421,235,376,297.0,309.0,347.0,424.0,337.0,322.0,14.0,305.0,161.0,365.0,432.0,79.0,231.0,420.0,335.0,42.0,415.0,25.0,68.0,330.0,411.0,66.0,415.0,85.0,123.0,292.0,162.0,427.0,245.0,95.0
391,268,173,41,266,307,85,437,175,94,143,30,211,406,187,73,289,3,155,19,20,390,457,415,219,107,373,13,287,409,303.0,5.0,6.0,180.0,152.0,257.0,90.0,276.0,342.0,6.0,192.0,352.0,309.0,148.0,163.0,237.0,182.0,411.0,134.0,207.0,246.0,175.0,381.0,176.0,220.0,150.0,229.0,200.0,151.0,32.0
416,392,113,174,257,398,223,438,157,76,244,163,445,373,296,182,33,292,19,149,229,9,447,396,83,48,315,414,67,167,417.0,299.0,210.0,421.0,29.0,192.0,322.0,237.0,187.0,413.0,142.0,37.0,374.0,204.0,182.0,3.0,135.0,291.0,61.0,188.0,406.0,197.0,100.0,460.0,307.0,278.0,182.0,109.0,41.0,194.0
64,171,297,139,127,346,113,80,219,4,219,10,372,1,453,12,8,64,243,87,78,432,91,351,105,410,192,451,221,110,220.0,430.0,240.0,343.0,392.0,333.0,272.0,26.0,189.0,268.0,349.0,64.0,77.0,330.0,147.0,208.0,270.0,215.0,112.0,224.0,21.0,411.0,200.0,370.0,64.0,305.0,224.0,118.0,107.0,55.0
369,95,332,310,315,165,370,158,29,416,347,258,98,287,42,385,95,373,102,270,68,33,293,412,157,42,244,420,17,442,364.0,307.0,303.0,348.0,92.0,142.0,1.0,156.0,280.0,8.0,356.0,177.0,114.0,129.0,4.0,202.0,176.0,185.0,77.0,55.0,207.0,284.0,1.0,185.0,241.0,117.0,32.0,411.0,72.0,99.0
191,122,52,136,448,326,97,190,367,154,223,17,167,292,399,65,74,220,290,248,154,161,86,449,184,115,297,453,84,319,454.0,359.0,264.0,150.0,35.0,396.0,363.0,324.0,54.0,312.0,449.0,315.0,226.0,394.0,152.0,22.0,218.0,218.0,391.0,173.0,211.0,15.0,387.0,73.0,80.0,415.0,371.0,243.0,336.0,57.0
81,23,27,188,346,377,428,424,210,62,233,442,437,137,314,424,436,97,410,376,18,352,327,82,391,26,19,459,290,25,401.0,17.0,43.0,129.0,440.0,362.0,131.0,317.0,432.0,169.0,327.0,121.0,459.0,413.0,149.0,349.0,339.0,213.0,210.0,255.0,427.0,395.0,414.0,89.0,345.0,21.0,122.0,324.0,333.0,286.0
331,13,277,313,177,279,217,225,179,223,317,334,369,250,372,357,400,203,75,74,400,331,108,452,210,350,103,422,374,155,179.0,164.0,195.0,153.0,14.0,392.0,227.0,105.0,300.0,163.0,397.0,204.0,24.0,297.0,350.0,161.0,325.0,31.0,238.0,334.0,358.0,73.0,292.0,449.0,361.0,219.0,171.0,146.0,202.0,216.0
281,61,64,49,365,274,31,322,285,108,377,304,309,226,92,399,335,186,12,430,454,39,166,53,282,88,283,202,390,62,225.0,424.0,361.0,60.0,329.0,289.0,378.0,142.0,130.0,293.0,285.0,69.0,349.0,49.0,209.0,28.0,449.0,84.0,39.0,214.0,372.0,114.0,46.0,202.0,129.0,367.0,310.0,155.0,96.0,390.0
231,277,109,124,180,429,283,12,240,399,57,318,89,400,349,322,225,115,344,365,294,228,1,248,441,195,113,334,401,255,282.0,292.0,276.0,378.0,128.0,387.0,301.0,286.0,42.0,69.0,64.0,174.0,55.0,84.0,269.0,366.0,45.0,248.0,100.0,233.0,195.0,233.0,7.0,12.0,389.0,295.0,420.0,51.0,165.0,132.0
433,39,314,458,303,191,110,433,191,348,338,119,21,238,458,200,321,14,192,244,331,80,417,84,96,283,343,81,79,54,37.0,65.0,1.0,4.0,86.0,35.0,33.0,215.0,133.0,286.0,97.0,225.0,406.0,315.0,200.0,71.0,178.0,402.0,161.0,351.0,227.0,112.0,356.0,364.0,287.0,226.0,69.0,173.0,263.0,398.0
440,351,110,11,41,112,439,127,213,191,399,388,128,365,288,82,167,153,126,261,319,375,46,397,1,421,54,141,24,185,224.0,90.0,126.0,440.0,166.0,370.0,214.0,70.0,167.0,202.0,288.0,200.0,109.0,94.0,22.0,35.0,432.0,136.0,352.0,344.0,146.0,51.0,218.0,32.0,310.0,212.0,95.0,430.0,197.0,47.0
339,179,346,320,111,302,91,420,32,298,165,188,448,321,243,15,189,71,176,258,260,325,384,241,146,129,81,289,65,408,268.0,132.0,10.0,155.0,425.0,39.0,70.0,173.0,272.0,91.0,2.0,318.0,274.0,80.0,43.0,193.0,307.0,88.0,6.0,398.0,422.0,228.0,418.0,141.0,142.0,313.0,232.0,30.0,109.0,193.0
155,325,105,205,388,197,336,412,330,180,336,453,214,95,190,416,151,23,169,117,145,155,382,391,211,12,379,310,114,283,60.0,232.0,293.0,414.0,405.0,71.0,229.0,170.0,58.0,103.0,126.0,458.0,194.0,293.0,216.0,305.0,213.0,187.0,453.0,125.0,367.0,155.0,181.0,414.0,419.0,242.0,10.0,359.0,185.0,139.0
272,98,155,379,358,325,124,321,102,144,344,29,157,144,6,342,428,127,28,245,223,177,135,247,191,382,356,389,194,20,407.0,162.0,163.0,304.0,382.0,405.0,342.0,288.0,52.0,0.0,135.0,129.0,120.0,34.0,382.0,266.0,133.0,340.0,244.0,104.0,245.0,126.0,239.0,87.0,320.0,259.0,177.0,295.0,298.0,410.0
196,432,402,201,120,233,447,52,252,11,252,237,283,347,130,36,77,158,168,165,9,75,195,74,256,79,98,263,441,254,54.0,386.0,252.0,26.0,401.0,360.0,400.0,256.0,97.0,74.0,189.0,171.0,367.0,434.0,380.0,122.0,177.0,271.0,178.0,108.0,416.0,83.0,126.0,222.0,428.0,395.0,13.0,384.0,68.0,218.0
239,322,238,12,234,82,437,395,25,444,243,142,380,301,77,292,30,131,421,447,345,13,188,290,364,76,439,268,241,9,76.0,296.0,78.0,144.0,301.0,58.0,176.0,106.0,151.0,212.0,365.0,333.0,117.0,442.0,265.0,188.0,46.0,443.0,207.0,360.0,275.0,260.0,243.0,438.0,286.0,275.0,93.0,31.0,423.0,181.0
188,343,330,459,347,193,215,109,333,101,297,310,343,367,223,391,58,381,382,371,273,439,2,243,330,244,308,53,348,284,100.0,311.0,111.0,57.0,445.0,107.0,38.0,133.0,136.0,271.0,296.0,211.0,198.0,102.0,91.0,379.0,165.0,455.0,180.0,141.0,361.0,304.0,231.0,56.0,449.0,123.0,158.0,270.0,253.0,160.0
419,417,253,200,292,154,340,341,347,254,177,265,323,262,392,174,29,65,282,306,168,360,180,392,60,89,448,393,153,228,344.0,323.0,131.0,220.0,244.0,447.0,153.0,315.0,247.0,410.0,146.0,145.0,40.0,322.0,52.0,228.0,184.0,184.0,331.0,358.0,410.0,421.0,335.0,129.0,162.0,322.0,397.0,371.0,222.0,15.0
456,364,121,102,131,92,404,79,319,371,333,256,66,385,24,353,146,114,444,423,329,157,90,23,12,198,210,139,396,323,453.0,224.0,50.0,203.0,363.0,439.0,98.0,282.0,446.0,445.0,214.0,59.0,436.0,14.0,20.0,376.0,193.0,104.0,115.0,428.0,309.0,245.0,303.0,225.0,460.0,50.0,115.0,450.0,341.0,149.0
106,127,304,175,307,254,254,443,3,405,140,223,109,86,256,316,101,296,175,383,324,128,119,188,173,269,388,232,305,273,144.0,29.0,211.0,218.0,67.0,417.0,377.0,442.0,422.0,385.0,4.0,425.0,159.0,306.0,411.0,180.0,239.0,0.0,200.0,345.0,417.0,87.0,21.0,453.0,378.0,108.0,109.0,346.0,66.0,60.0
353,82,287,240,186,367,349,373,92,394,42,94,359,54,366,414,451,47,234,314,66,65,309,244,367,227,404,283,449,223,345.0,452.0,34.0,377.0,374.0,259.0,188.0,54.0,292.0,246.0,33.0,71.0,441.0,375.0,343.0,332.0,231.0,29.0,158.0,103.0,47.0,134.0,26.0,243.0,102.0,52.0,166.0,52.0,353.0,252.0
63,421,69,444,366,54,53,95,410,201,420,205,53,382,93,351,44,125,276,1,88,208,335,254,319,24,433,66,195,195,124.0,438.0,247.0,44.0,124.0,196.0,347.0,149.0,396.0,30.0,73.0,24.0,41.0,268.0,196.0,445.0,110.0,105.0,314.0,413.0,459.0,229.0,58.0,189.0,436.0,66.0,411.0,437.0,120.0,88.0
319,159,227,28,75,298,453,202,12,19,295,155,198,394,395,438,303,332,11,396,314,332,385,314,327,296,209,378,317,309,408.0,187.0,151.0,20.0,268.0,169.0,140.0,108.0,216.0,411.0,282.0,65.0,150.0,221.0,96.0,319.0,327.0,179.0,163.0,223.0,149.0,40.0,217.0,10.0,228.0,381.0,72.0,385.0,414.0,299.0
395,27,190,212,7,249,305,257,355,139,12,280,260,297,115,157,416,148,425,142,455,395,21,50,213,384,329,220,436,439,56.0,426.0,61.0,333.0,383.0,105.0,58.0,242.0,458.0,340.0,55.0,450.0,214.0,19.0,16.0,264.0,410.0,165.0,296.0,273.0,221.0,319.0,6.0,343.0,172.0,426.0,248.0,336.0,78.0,17.0
406,89,222,106,106,109,35,247,7,290,136,264,83,90,108,152,75,108,443,210,202,201,23,38,433,300,277,284,338,304,420.0,208.0,65.0,384.0,438.0,30.0,49.0,426.0,404.0,147.0,115.0,444.0,84.0,238.0,61.0,185.0,138.0,111.0,390.0,81.0,13.0,347.0,319.0,405.0,280.0,277.0,221.0,227.0,64.0,124.0
230,355,308,402,26,384,413,138,5,316,188,3,8,202,451,131,84,124,113,446,348,199,258,269,163,155,175,440,186,101,238.0,62.0,219.0,251.0,0.0,376.0,459.0,316.0,82.0,368.0,292.0,66.0,66.0,156.0,164.0,381.0,18.0,22.0,242.0,421.0,59.0,348.0,136.0,196.0,248.0,191.0,156.0,403.0,387.0,447.0
89,73,57,267,125,448,307,61,241,436,96,42,20,208,176,135,262,252,18,389,143,456,272,5,128,6,27,99,278,424,154.0,117.0,438.0,143.0,159.0,237.0,252.0,11.0,200.0,10.0,454.0,254.0,376.0,17.0,275.0,240.0,308.0,116.0,195.0,197.0,222.0,451.0,53.0,339.0,68.0,161.0,253.0,56.0,196.0,258.0
405,69,87,345,188,124,143,122,281,288,128,397,24,298,143,303,188,54,9,406,349,24,329,75,363,10,421,148,182,96,122.0,414.0,398.0,407.0,252.0,155.0,270.0,329.0,226.0,184.0,67.0,451.0,180.0,2.0,157.0,355.0,252.0,157.0,380.0,375.0,332.0,179.0,20.0,152.0,383.0,157.0,230.0,278.0,444.0,175.0
93,291,401,165,313,310,228,211,428,447,127,209,243,15,290,309,458,358,384,346,5,444,428,142,38,293,49,15,104,437,311.0,341.0,47.0,70.0,364.0,76.0,114.0,291.0,214.0,216.0,110.0,41.0,383.0,433.0,82.0,436.0,301.0,210.0,310.0,171.0,210.0,146.0,73.0,319.0,66.0,438.0,215.0,2.0,228.0,166.0
229,91,327,82,5,420,145,91,20,269,324,90,32,197,231,158,175,378,460,397,333,154,181,47,269,263,291,316,421,369,186.0,218.0,175.0,317.0,39.0,407.0,441.0,393.0,397.0,371.0,175.0,371.0,32.0,9.0,408.0,164.0,115.0,453.0,254.0,105.0,120.0,325.0,174.0,322.0,266.0,71.0,307.0,101.0,416.0,259.0
312,213,192,52,139,99,320,238,257,232,397,335,427,446,433,126,292,306,364,418,217,453,260,46,394,81,304,46,231,276,6.0,139.0,295.0,405.0,87.0,119.0,387.0,438.0,274.0,348.0,448.0,349.0,320.0,409.0,119.0,346.0,161.0,357.0,288.0,63.0,216.0,166.0,358.0,413.0,457.0,423.0,440.0,236.0,55.0,440.0
309,314,92,134,190,241,236,99,79,265,157,176,113,43,87,372,367,200,148,361,398,306,381,70,358,315,255,86,135,313,449.0,128.0,323.0,297.0,413.0,44.0,172.0,245.0,9.0,33.0,139.0,49.0,244.0,7.0,242.0,284.0,311.0,77.0,297.0,121.0,258.0,123.0,377.0,210.0,154.0,186.0,312.0,365.0,59.0,370.0
92,345,245,130,265,200,212,336,2,360,460,394,314,205,222,375,337,423,309,241,156,28,307,457,444,248,100,37,373,356,386.0,102.0,212.0,33.0,135.0,67.0,282.0,431.0,20.0,26.0,434.0,6.0,14.0,76.0,385.0,441.0,183.0,82.0,119.0,416.0,188.0,67.0,452.0,31.0,366.0,182.0,16.0,193.0,125.0,148.0
18,125,29,173,126,46,94,435,113,454,251,282,256,101,19,79,195,239,35,237,350,117,198,79,93,237,178,380,227,165,343.0,298.0,450.0,339.0,81.0,51.0,115.0,97.0,51.0,299.0,167.0,7.0,173.0,30.0,55.0,430.0,272.0,44.0,312.0,154.0,65.0,157.0,141.0,98.0,189.0,286.0,212.0,298.0,326.0,335.0
145,249,269,98,258,436,407,193,125,261,227,276,108,293,311,396,16,450,437,37,335,385,45,30,417,279,65,352,312,317,75.0,340.0,26.0,309.0,251.0,231.0,350.0,0.0,68.0,142.0,172.0,190.0,413.0,121.0,373.0,218.0,454.0,406.0,197.0,152.0,379.0,431.0,81.0,278.0,195.0,47.0,188.0,188.0,219.0,364.0
158,59,432,235,3,205,392,92,254,181,151,329,351,422,185,196,427,360,172,198,292,401,191,11,374,318,338,73,318,262,289.0,375.0,191.0,87.0,353.0,264.0,111.0,57.0,209.0,426.0,363.0,60.0,423.0,90.0,113.0,26.0,61.0,436.0,94.0,242.0,253.0,358.0,270.0,100.0,452.0,9.0,252.0,89.0,4.0,400.0
150,120,17,399,449,263,450,98,421,448,441,13,33,207,294,415,243,337,313,179,169,455,326,306,225,430,146,246,73,116,255.0,290.0,91.0,202.0,78.0,12.0,275.0,194.0,434.0,311.0,297.0,407.0,12.0,456.0,104.0,299.0,421.0,317.0,394.0,284.0,289.0,201.0,267.0,420.0,61.0,197.0,347.0,415.0,37.0,419.0
246,12,299,460,339,163,146,428,174,61,41,232,87,314,407,216,19,339,252,356,101,168,244,438,271,298,83,104,40,163,400.0,408.0,193.0,199.0,247.0,133.0,276.0,46.0,413.0,211.0,83.0,339.0,358.0,452.0,450.0,154.0,38.0,421.0,63.0,203.0,435.0,61.0,408.0,38.0,275.0,127.0,294.0,26.0,330.0,389.0
213,353,2,318,142,198,346,3,163,135,310,216,354,165,334,402,64,146,173,11,277,361,40,418,88,336,50,302,175,333,175.0,447.0,184.0,121.0,12.0,18.0,151.0,266.0,235.0,134.0,301.0,264.0,129.0,46.0,234.0,352.0,355.0,59.0,125.0,256.0,104.0,327.0,378.0,418.0,432.0,285.0,293.0,147.0,352.0,452.0
348,207,59,197,297,343,371,343,202,312,176,193,226,269,321,243,332,424,419,114,380,189,325,115,298,365,22,204,446,321,113.0,92.0,459.0,204.0,349.0,312.0,190.0,303.0,251.0,238.0,381.0,326.0,339.0,419.0,364.0,286.0,238.0,57.0,358.0,445.0,370.0,227.0,291.0,183.0,290.0,458.0,207.0,221.0,331.0,89.0
247,460,63,126,8,34,40,210,189,125,224,251,455,147,95,50,10,232,10,118,69,50,242,25,112,253,378,16,284,30,170.0,214.0,309.0,210.0,420.0,78.0,420.0,35.0,215.0,183.0,272.0,192.0,407.0,250.0,47.0,123.0,117.0,118.0,308.0,402.0,86.0,59.0,216.0,110.0,33.0,53.0,398.0,172.0,378.0,23.0
66,425,25,265,345,358,51,378,350,92,306,157,342,380,29,337,351,238,363,84,228,353,35,65,402,83,105,445,442,455,366.0,286.0,160.0,259.0,372.0,73.0,185.0,83.0,25.0,418.0,345.0,179.0,279.0,313.0,23.0,222.0,185.0,130.0,260.0,333.0,310.0,153.0,376.0,394.0,209.0,251.0,217.0,80.0,448.0,340.0
287,157,417,105,426,9,24,94,196,267,458,347,122,210,418,270,368,121,438,350,381,112,226,210,447,92,243,88,453,235,342.0,6.0,72.0,7.0,52.0,421.0,429.0,413.0,80.0,438.0,111.0,17.0,2.0,281.0,136.0,310.0,179.0,445.0,458.0,30.0,199.0,10.0,279.0,53.0,314.0,174.0,340.0,228.0,259.0,127.0
423,310,187,284,306,210,280,56,270,138,439,294,216,118,371,455,28,177,31,47,251,84,245,373,244,45,164,347,434,37,90.0,410.0,146.0,247.0,222.0,136.0,359.0,220.0,250.0,141.0,24.0,320.0,25.0,106.0,140.0,420.0,59.0,403.0,329.0,381.0,77.0,116.0,86.0,42.0,454.0,397.0,56.0,264.0,146.0,31.0
140,244,281,230,214,215,71,132,433,347,331,384,341,276,44,245,412,172,383,301,45,428,201,450,375,291,364,140,69,70,252.0,272.0,70.0,117.0,167.0,90.0,321.0,132.0,242.0,260.0,9.0,255.0,416.0,308.0,348.0,86.0,155.0,310.0,450.0,208.0,351.0,417.0,41.0,168.0,239.0,370.0,327.0,14.0,44.0,39.0
101,204,419,272,231,380,261,216,408,418,256,6,416,185,53,307,460,441,286,145,281,309,409,366,46,46,74,102,83,38,460.0,233.0,100.0,342.0,137.0,79.0,317.0,9.0,338.0,18.0,103.0,156.0,357.0,403.0,69.0,56.0,140.0,196.0,392.0,93.0,298.0,313.0,194.0,128.0,138.0,366.0,66.0,242.0,5.0,72.0
361,372,431,103,255,158,158,265,430,176,17,108,385,141,102,128,264,13,86,21,155,355,124,280,216,406,287,217,371,346,198.0,180.0,102.0,104.0,305.0,320.0,383.0,395.0,16.0,52.0,348.0,438.0,165.0,337.0,180.0,418.0,88.0,202.0,150.0,317.0,95.0,56.0,310.0,25.0,139.0,49.0,46.0,115.0,111.0,34.0
245,305,20,196,51,127,300,170,75,114,366,285,206,92,76,331,131,80,311,441,97,403,120,225,206,375,136,170,32,123,59.0,107.0,172.0,21.0,454.0,218.0,112.0,342.0,183.0,181.0,148.0,36.0,431.0,72.0,11.0,261.0,172.0,287.0,423.0,189.0,363.0,124.0,370.0,116.0,120.0,98.0,17.0,3.0,395.0,343.0
379,411,261,77,80,131,281,401,335,171,355,300,209,119,252,271,365,413,159,65,76,42,421,443,104,15,245,281,3,264,363.0,394.0,217.0,14.0,283.0,357.0,81.0,326.0,203.0,290.0,459.0,62.0,365.0,200.0,447.0,370.0,173.0,48.0,73.0,129.0,378.0,101.0,226.0,101.0,24.0,140.0,143.0,237.0,346.0,138.0
17,419,262,8,99,252,361,153,444,6,239,35,160,434,333,268,418,150,446,9,407,124,194,68,326,306,339,157,168,375,254.0,440.0,80.0,325.0,381.0,135.0,410.0,398.0,327.0,126.0,442.0,134.0,437.0,307.0,177.0,114.0,274.0,364.0,275.0,111.0,424.0,24.0,341.0,451.0,175.0,457.0,203.0,59.0,431.0,189.0
146,401,166,2,457,292,121,141,168,213,189,174,247,214,97,43,397,139,196,226,10,348,333,204,130,371,321,70,13,143,446.0,270.0,404.0,56.0,321.0,224.0,396.0,439.0,263.0,386.0,414.0,199.0,337.0,398.0,415.0,446.0,69.0,79.0,378.0,32.0,82.0,339.0,368.0,64.0,82.0,149.0,249.0,249.0,254.0,458.0
276,88,183,298,428,361,427,145,289,431,220,341,450,193,86,250,119,230,418,287,404,441,316,77,277,58,208,133,282,338,65.0,58.0,400.0,237.0,149.0,61.0,237.0,55.0,388.0,383.0,65.0,103.0,212.0,131.0,159.0,46.0,258.0,155.0,135.0,459.0,8.0,263.0,300.0,27.0,13.0,354.0,348.0,337.0,240.0,207.0
283,131,324,184,18,62,63,31,328,172,56,99,261,396,46,254,134,460,387,170,343,426,79,273,347,441,202,412,70,268,102.0,347.0,403.0,374.0,318.0,162.0,141.0,351.0,351.0,232.0,116.0,334.0,53.0,389.0,244.0,274.0,360.0,201.0,322.0,176.0,239.0,31.0,214.0,401.0,339.0,452.0,426.0,293.0,380.0,42.0
30,124,124,229,446,83,56,181,250,65,122,183,368,397,262,343,441,393,58,451,22,247,301,408,99,396,403,454,424,171,302.0,78.0,452.0,365.0,210.0,98.0,302.0,356.0,221.0,43.0,18.0,392.0,369.0,318.0,439.0,77.0,313.0,367.0,256.0,327.0,39.0,105.0,397.0,336.0,92.0,62.0,392.0,424.0,344.0,105.0
114,174,294,25,380,80,68,7,56,190,300,387,77,148,405,30,310,328,184,417,49,451,203,436,188,59,450,187,342,367,55.0,435.0,130.0,292.0,50.0,66.0,6.0,255.0,401.0,376.0,129.0,453.0,270.0,175.0,72.0,458.0,50.0,318.0,326.0,190.0,265.0,111.0,289.0,362.0,263.0,152.0,4.0,319.0,308.0,242.0
457,289,365,255,456,68,291,295,167,353,67,112,36,184,30,304,147,222,26,199,357,133,248,58,247,408,431,448,447,244,397.0,267.0,154.0,146.0,443.0,366.0,426.0,88.0,443.0,235.0,200.0,378.0,328.0,284.0,178.0,166.0,94.0,394.0,426.0,231.0,123.0,236.0,315.0,281.0,153.0,344.0,457.0,216.0,80.0,393.0
103,14,391,417,391,53,194,206,43,188,45,286,93,258,340,363,72,91,164,138,248,316,169,125,346,39,332,306,319,51,206.0,294.0,81.0,74.0,452.0,159.0,150.0,403.0,409.0,313.0,314.0,351.0,7.0,115.0,430.0,236.0,122.0,211.0,324.0,312.0,230.0,136.0,38.0,22.0,140.0,333.0,437.0,207.0,274.0,13.0
264,362,434,315,367,453,242,328,58,37,173,128,119,25,249,408,132,303,78,359,71,330,39,42,382,348,458,235,420,7,107.0,388.0,56.0,31.0,66.0,199.0,165.0,295.0,150.0,2.0,149.0,403.0,178.0,356.0,99.0,102.0,26.0,407.0,209.0,40.0,44.0,416.0,127.0,437.0,406.0,170.0,358.0,138.0,404.0,287.0
418,275,317,50,83,313,23,387,273,259,36,227,132,189,172,251,257,237,362,300,373,188,134,4,336,418,265,410,211,460,300.0,391.0,116.0,288.0,294.0,269.0,125.0,411.0,359.0,154.0,390.0,232.0,370.0,285.0,273.0,419.0,66.0,61.0,213.0,130.0,115.0,332.0,131.0,448.0,267.0,153.0,128.0,79.0,53.0,36.0
176,123,279,85,34,382,166,255,414,350,406,418,195,235,145,439,217,30,43,215,98,221,344,121,245,25,11,340,368,237,,,,,,,,,,,,,,,,,,,,,,,,,,,,,,
205,138,257,159,31,266,74,100,134,15,374,313,376,178,175,124,381,365,203,212,445,405,255,230,324,363,5,18,397,83,,,,,,,,,,,,,,,,,,,,,,,,,,,,,,
116,111,36,164,342,400,253,30,259,73,241,147,302,224,443,203,5,307,262,166,61,447,424,444,110,357,443,177,268,288,,,,,,,,,,,,,,,,,,,,,,,,,,,,,,
168,51,138,380,61,187,243,187,33,33,372,332,171,374,156,61,271,197,194,388,48,448,458,194,137,84,240,354,250,293,,,,,,,,,,,,,,,,,,,,,,,,,,,,,,
383,112,307,22,23,238,225,230,382,118,168,368,103,345,232,160,430,398,287,98,452,458,392,272,16,61,195,20,90,145,,,,,,,,,,,,,,,,,,,,,,,,,,,,,,
120,9,194,62,195,10,88,354,154,153,248,98,228,20,283,235,300,412,205,442,389,429,145,296,226,51,241,55,405,277,,,,,,,,,,,,,,,,,,,,,,,,,,,,,,
233,250,426,431,47,350,197,407,436,407,198,189,378,123,60,451,374,261,236,196,56,90,396,109,204,250,168,261,110,431,,,,,,,,,,,,,,,,,,,,,,,,,,,,,,
112,16,430,99,77,316,198,197,208,100,159,118,174,149,212,39,127,278,430,150,173,406,72,118,91,331,380,388,258,156,,,,,,,,,,,,,,,,,,,,,,,,,,,,,,
299,247,333,69,279,207,296,233,379,156,343,389,23,261,228,51,361,362,386,45,362,373,459,281,309,218,211,381,359,267,,,,,,,,,,,,,,,,,,,,,,,,,,,,,,
261,0,368,352,316,150,8,50,48,255,448,447,388,40,124,317,222,359,432,443,74,66,443,259,333,11,152,34,138,179,,,,,,,,,,,,,,,,,,,,,,,,,,,,,,
136,320,316,186,423,267,87,164,181,403,209,243,112,21,165,209,92,138,83,403,164,15,273,6,159,17,386,181,392,412,,,,,,,,,,,,,,,,,,,,,,,,,,,,,,
190,105,199,182,376,388,192,453,96,210,381,144,166,442,251,186,24,141,114,90,89,68,190,329,65,67,78,184,299,152,,,,,,,,,,,,,,,,,,,,,,,,,,,,,,
322,256,120,346,227,348,333,239,434,197,315,60,235,47,168,59,144,275,13,362,337,323,376,393,411,222,174,150,281,385,,,,,,,,,,,,,,,,,,,,,,,,,,,,,,
236,365,35,214,236,167,287,271,230,374,247,283,38,135,432,233,442,113,91,410,355,442,136,214,101,449,0,375,193,78,,,,,,,,,,,,,,,,,,,,,,,,,,,,,,
126,444,445,221,199,148,332,368,424,38,378,203,120,286,327,412,324,352,375,120,180,0,114,458,380,96,150,213,207,211,,,,,,,,,,,,,,,,,,,,,,,,,,,,,,
298,443,19,278,226,452,386,194,409,199,218,344,85,323,434,20,314,408,408,329,264,40,283,282,338,68,274,267,137,140,,,,,,,,,,,,,,,,,,,,,,,,,,,,,,
210,389,423,95,447,265,66,269,224,336,54,151,257,419,387,276,340,432,40,143,126,334,6,353,39,309,135,373,163,325,,,,,,,,,,,,,,,,,,,,,,,,,,,,,,
378,70,251,151,88,41,372,20,141,165,364,186,145,113,109,134,143,183,341,25,388,225,330,338,400,106,256,97,100,178,,,,,,,,,,,,,,,,,,,,,,,,,,,,,,
347,221,202,425,341,214,170,385,190,102,302,169,390,242,308,189,51,109,284,162,432,383,5,240,372,4,360,364,398,300,,,,,,,,,,,,,,,,,,,,,,,,,,,,,,
329,261,442,418,442,121,382,71,451,340,450,11,240,128,445,159,284,219,233,222,247,329,299,402,17,425,118,154,52,92,,,,,,,,,,,,,,,,,,,,,,,,,,,,,,
133,38,189,29,290,427,319,101,178,84,167,312,183,398,276,449,208,256,239,35,446,281,8,3,369,102,52,122,272,415,,,,,,,,,,,,,,,,,,,,,,,,,,,,,,
33,150,198,454,68,23,196,49,360,439,34,240,15,436,213,364,154,269,365,285,396,191,160,251,71,351,131,113,88,413,,,,,,,,,,,,,,,,,,,,,,,,,,,,,,
438,274,108,357,395,404,29,455,21,116,70,259,267,383,339,431,456,45,221,116,428,8,455,122,167,230,96,256,386,229,,,,,,,,,,,,,,,,,,,,,,,,,,,,,,
162,418,5,452,53,240,161,152,139,78,185,181,5,386,166,221,366,128,440,79,90,182,410,78,20,213,187,305,189,197,,,,,,,,,,,,,,,,,,,,,,,,,,,,,,
34,163,242,422,38,52,64,75,52,155,95,321,124,443,374,37,105,260,123,311,256,313,280,361,276,428,23,171,34,269,,,,,,,,,,,,,,,,,,,,,,,,,,,,,,
44,167,422,239,24,426,355,261,77,158,230,126,182,132,258,150,280,435,401,272,80,416,158,298,265,391,367,108,323,327,,,,,,,,,,,,,,,,,,,,,,,,,,,,,,
97,303,345,372,308,364,193,93,10,381,131,350,276,343,224,293,254,347,455,264,399,180,304,237,446,238,181,277,45,104,,,,,,,,,,,,,,,,,,,,,,,,,,,,,,
85,206,231,429,56,70,271,276,67,137,407,127,39,234,299,323,419,92,278,136,450,347,80,64,147,451,8,94,35,456,,,,,,,,,,,,,,,,,,,,,,,,,,,,,,
61,431,157,116,213,32,148,70,420,46,351,222,58,16,358,97,55,396,66,164,54,52,402,18,144,134,6,244,201,420,,,,,,,,,,,,,,,,,,,,,,,,,,,,,,
167,439,394,86,302,43,11,253,346,287,217,57,48,56,85,136,97,236,124,209,40,36,399,317,453,93,21,125,94,433,,,,,,,,,,,,,,,,,,,,,,,,,,,,,,
199,433,291,398,369,108,373,186,172,314,229,348,383,139,203,269,363,331,369,126,163,301,219,151,318,159,196,287,389,199,,,,,,,,,,,,,,,,,,,,,,,,,,,,,,
173,145,204,331,275,84,39,423,78,222,349,130,405,317,88,338,52,427,422,52,408,234,284,447,257,281,300,442,187,100,,,,,,,,,,,,,,,,,,,,,,,,,,,,,,
399,442,326,123,103,185,435,379,339,182,161,430,299,180,129,242,216,345,237,323,110,431,178,43,170,444,159,91,321,392,,,,,,,,,,,,,,,,,,,,,,,,,,,,,,
253,363,349,46,422,273,415,352,234,301,118,235,454,274,351,296,369,63,21,184,181,186,215,180,238,1,180,436,243,289,,,,,,,,,,,,,,,,,,,,,,,,,,,,,,
452,318,104,3,430,194,278,337,159,23,4,353,99,356,282,78,298,94,133,266,395,242,439,437,424,37,67,386,1,233,,,,,,,,,,,,,,,,,,,,,,,,,,,,,,
393,331,275,112,338,335,310,262,279,258,236,74,399,206,101,110,352,119,149,88,359,246,331,163,386,119,263,333,159,414,,,,,,,,,,,,,,,,,,,,,,,,,,,,,,
308,42,236,183,421,318,230,11,374,47,201,166,18,87,174,99,47,205,105,367,55,238,103,305,304,124,262,245,439,133,,,,,,,,,,,,,,,,,,,,,,,,,,,,,,
108,160,60,30,379,235,304,117,412,400,400,106,231,296,56,219,375,102,81,282,261,422,261,140,69,163,337,238,93,246,,,,,,,,,,,,,,,,,,,,,,,,,,,,,,
354,370,176,154,161,340,17,147,383,48,58,91,73,366,247,67,388,161,336,364,231,4,264,369,223,247,352,376,300,397,,,,,,,,,,,,,,,,,,,,,,,,,,,,,,
218,257,197,312,117,334,454,121,112,417,63,340,172,78,25,2,190,349,179,291,375,197,387,432,353,199,260,24,295,386,,,,,,,,,,,,,,,,,,,,,,,,,,,,,,
46,369,21,94,228,444,135,425,265,346,204,277,59,408,62,112,281,267,1,100,401,51,426,453,274,111,84,296,408,134,,,,,,,,,,,,,,,,,,,,,,,,,,,,,,
373,382,341,281,359,428,100,163,397,88,116,375,410,74,201,244,163,295,280,31,84,241,268,365,301,337,139,321,156,295,,,,,,,,,,,,,,,,,,,,,,,,,,,,,,
241,453,106,420,304,55,224,222,155,208,321,402,279,338,401,263,209,174,413,185,274,113,346,340,388,166,400,456,113,94,,,,,,,,,,,,,,,,,,,,,,,,,,,,,,
450,251,296,51,157,418,171,220,406,420,304,23,150,319,195,398,141,20,372,49,419,114,259,294,418,221,2,205,71,131,,,,,,,,,,,,,,,,,,,,,,,,,,,,,,
73,377,139,36,22,337,200,258,13,196,113,156,237,160,146,197,137,244,216,27,255,233,400,168,300,290,349,368,242,151,,,,,,,,,,,,,,,,,,,,,,,,,,,,,,
137,327,225,97,191,63,338,392,221,147,149,440,319,331,353,327,124,299,274,440,166,423,182,394,303,2,141,126,383,279,,,,,,,,,,,,,,,,,,,,,,,,,,,,,,
441,229,127,250,314,375,119,184,290,328,197,179,438,418,402,220,236,86,16,69,58,327,436,45,305,95,220,409,203,5,,,,,,,,,,,,,,,,,,,,,,,,,,,,,,
35,358,49,13,287,42,168,299,263,0,350,1,326,219,73,460,99,382,456,128,125,392,431,333,113,131,169,78,251,342,,,,,,,,,,,,,,,,,,,,,,,,,,,,,,
328,258,390,163,254,304,433,400,153,128,237,346,392,168,39,405,378,456,355,457,201,96,269,143,261,23,387,259,12,272,,,,,,,,,,,,,,,,,,,,,,,,,,,,,,
29,385,329,58,348,223,182,342,440,81,117,190,232,172,404,258,67,324,69,415,237,54,26,268,182,3,363,178,149,26,,,,,,,,,,,,,,,,,,,,,,,,,,,,,,
181,147,58,63,32,330,385,344,232,227,289,39,425,457,117,172,60,282,279,148,6,351,81,271,425,394,259,58,260,303,,,,,,,,,,,,,,,,,,,,,,,,,,,,,,
336,360,167,233,402,5,448,8,429,219,356,111,396,256,293,95,96,376,417,382,434,198,63,199,376,241,58,397,233,91,,,,,,,,,,,,,,,,,,,,,,,,,,,,,,
316,228,75,270,298,129,398,235,307,427,274,303,107,282,211,205,439,78,60,271,426,176,256,41,337,304,38,342,411,115,,,,,,,,,,,,,,,,,,,,,,,,,,,,,,
51,100,328,449,151,287,186,183,90,325,434,204,192,289,360,213,358,397,302,338,165,11,318,261,278,442,460,223,237,378,,,,,,,,,,,,,,,,,,,,,,,,,,,,,,
381,34,447,324,30,172,46,278,40,386,199,422,431,239,336,85,200,216,70,310,241,23,404,21,185,28,434,240,62,75,,,,,,,,,,,,,,,,,,,,,,,,,,,,,,
410,188,278,243,4,379,167,277,235,148,7,452,382,336,15,33,276,93,393,178,186,382,380,302,251,211,225,338,26,316,,,,,,,,,,,,,,,,,,,,,,,,,,,,,,
217,110,148,295,333,393,15,154,267,124,213,54,196,279,427,262,402,415,98,247,51,280,298,108,132,329,317,429,262,231,,,,,,,,,,,,,,,,,,,,,,,,,,,,,,
451,175,38,445,63,17,211,84,61,369,193,4,169,311,105,25,267,208,30,283,62,59,311,231,268,262,167,326,132,196,,,,,,,,,,,,,,,,,,,,,,,,,,,,,,
27,53,218,291,435,36,147,350,17,414,49,315,459,252,74,49,196,2,65,80,233,173,363,177,177,133,413,61,77,353,,,,,,,,,,,,,,,,,,,,,,,,,,,,,,
2,227,228,349,133,359,152,176,151,159,65,104,133,346,21,267,120,26,87,92,236,99,290,57,270,297,133,322,139,423,,,,,,,,,,,,,,,,,,,,,,,,,,,,,,
232,135,375,9,378,386,409,36,39,149,316,305,149,283,214,117,100,281,3,286,458,346,122,345,420,402,424,93,422,118,,,,,,,,,,,,,,,,,,,,,,,,,,,,,,
271,429,448,271,320,349,401,165,137,50,194,405,439,33,54,354,275,457,397,243,85,417,127,291,348,328,409,370,129,77,,,,,,,,,,,,,,,,,,,,,,,,,,,,,,
156,459,325,128,224,394,175,59,36,395,170,164,411,428,413,312,81,68,377,34,330,299,75,203,365,142,316,273,324,422,,,,,,,,,,,,,,,,,,,,,,,,,,,,,,
310,154,377,353,36,220,422,248,357,268,215,105,1,138,306,246,86,5,177,263,213,55,192,321,229,432,328,69,210,206,,,,,,,,,,,,,,,,,,,,,,,,,,,,,,
436,19,373,78,94,424,96,144,370,243,430,85,426,427,17,125,343,103,199,218,425,135,434,301,355,334,346,36,313,73,,,,,,,,,,,,,,,,,,,,,,,,,,,,,,
235,368,132,45,62,45,201,150,207,140,44,241,222,375,192,75,434,235,74,320,266,256,368,286,19,156,454,40,218,8,,,,,,,,,,,,,,,,,,,,,,,,,,,,,,
320,142,117,115,143,128,315,128,380,119,108,291,227,175,150,255,263,414,353,85,371,393,28,424,312,390,430,160,375,222,,,,,,,,,,,,,,,,,,,,,,,,,,,,,,
138,287,358,434,242,451,405,436,417,433,272,398,344,111,116,229,76,176,366,204,137,288,172,170,117,353,399,327,294,45,,,,,,,,,,,,,,,,,,,,,,,,,,,,,,
212,158,343,375,310,87,105,120,19,252,48,171,340,280,31,429,248,221,7,39,315,30,386,29,349,320,235,11,289,212,,,,,,,,,,,,,,,,,,,,,,,,,,,,,,
104,315,68,157,263,372,259,218,446,335,266,134,177,328,383,336,296,87,225,257,190,16,313,238,48,145,298,314,337,6,,,,,,,,,,,,,,,,,,,,,,,,,,,,,,
325,44,266,24,10,95,226,179,73,343,180,253,370,11,138,144,414,99,389,113,326,365,105,250,357,229,34,144,456,27,,,,,,,,,,,,,,,,,,,,,,,,,,,,,,
390,113,0,364,164,116,293,393,115,367,353,454,352,45,225,302,3,224,208,124,365,106,200,162,408,317,442,367,23,3,,,,,,,,,,,,,,,,,,,,,,,,,,,,,,
326,293,282,256,209,270,314,195,95,198,415,281,44,248,111,201,371,325,367,290,456,250,43,149,356,246,276,127,171,16,,,,,,,,,,,,,,,,,,,,,,,,,,,,,,
215,211,55,383,232,40,285,78,437,69,404,82,208,31,7,297,98,34,206,275,140,82,433,374,116,389,396,313,314,401,,,,,,,,,,,,,,,,,,,,,,,,,,,,,,
357,108,374,311,174,4,326,430,68,168,453,393,225,441,78,369,240,21,0,53,30,78,113,342,323,85,357,9,42,41,,,,,,,,,,,,,,,,,,,,,,,,,,,,,,
189,169,288,382,13,402,18,256,435,174,192,71,400,34,320,91,205,137,349,234,119,169,99,94,235,249,191,416,106,377,,,,,,,,,,,,,,,,,,,,,,,,,,,,,,
214,79,388,319,189,86,43,32,183,93,314,87,457,158,83,434,54,73,232,349,397,146,49,455,440,154,254,176,212,446,,,,,,,,,,,,,,,,,,,,,,,,,,,,,,
204,434,83,289,55,60,295,162,99,164,31,64,446,448,75,103,116,41,142,213,116,322,332,221,246,181,390,231,432,307,,,,,,,,,,,,,,,,,,,,,,,,,,,,,,
234,84,311,122,129,295,134,5,28,245,135,93,320,413,316,151,169,243,93,302,157,293,357,85,289,74,381,210,302,79,,,,,,,,,,,,,,,,,,,,,,,,,,,,,,
259,8,205,66,185,416,204,173,161,98,24,448,300,288,2,55,376,18,154,127,34,203,263,187,111,459,170,128,142,164,,,,,,,,,,,,,,,,,,,,,,,,,,,,,,
67,32,387,194,330,212,47,447,72,410,328,355,50,57,79,306,113,122,342,0,254,29,50,89,431,443,86,143,443,449,,,,,,,,,,,,,,,,,,,,,,,,,,,,,,
24,99,399,177,340,28,297,458,352,451,210,289,154,302,208,109,212,386,447,23,107,283,398,307,381,128,267,241,82,280,,,,,,,,,,,,,,,,,,,,,,,,,,,,,,
216,399,186,206,136,181,26,217,118,77,357,400,130,272,396,74,330,178,315,91,139,185,62,34,37,358,444,7,345,315,,,,,,,,,,,,,,,,,,,,,,,,,,,,,,
223,376,86,127,238,414,233,347,310,365,319,153,135,115,305,176,382,11,34,332,148,196,378,217,118,20,64,254,116,183,,,,,,,,,,,,,,,,,,,,,,,,,,,,,,
129,222,46,316,398,64,279,319,209,310,332,101,64,154,278,360,359,247,266,355,129,195,173,72,233,372,354,413,328,177,,,,,,,,,,,,,,,,,,,,,,,,,,,,,,
111,28,305,279,98,341,7,134,176,34,305,306,415,454,197,18,109,257,85,394,334,76,93,220,23,409,242,308,257,93,,,,,,,,,,,,,,,,,,,,,,,,,,,,,,
166,337,162,308,19,286,348,140,218,175,195,5,220,368,302,259,152,225,298,277,443,69,14,367,258,352,94,8,261,168,,,,,,,,,,,,,,,,,,,,,,,,,,,,,,
385,55,453,0,221,38,303,388,184,260,454,44,164,35,423,325,293,182,307,2,252,326,153,343,90,97,14,156,148,201,,,,,,,,,,,,,,,,,,,,,,,,,,,,,,
365,437,386,226,217,248,266,242,45,217,440,113,134,173,139,231,344,167,376,407,376,345,111,430,28,288,47,27,128,82,,,,,,,,,,,,,,,,,,,,,,,,,,,,,,
40,441,424,412,145,425,366,249,407,123,309,220,161,72,167,170,128,448,32,172,269,105,161,12,35,434,268,266,415,158,,,,,,,,,,,,,,,,,,,,,,,,,,,,,,
274,48,312,406,286,216,177,224,261,117,125,140,363,58,406,87,180,49,395,33,423,434,7,198,407,252,425,64,145,85,,,,,,,,,,,,,,,,,,,,,,,,,,,,,,
332,378,258,249,437,6,221,62,327,152,153,210,199,290,300,54,395,101,103,97,0,318,48,213,410,69,226,255,164,191,,,,,,,,,,,,,,,,,,,,,,,,,,,,,,
79,324,137,108,243,351,129,26,304,75,253,133,395,217,100,187,450,314,305,86,161,350,140,403,317,87,368,292,277,153,,,,,,,,,,,,,,,,,,,,,,,,,,,,,,
444,33,446,193,460,201,126,137,16,382,388,261,125,50,438,348,164,190,452,191,413,277,139,234,178,114,272,153,216,154,,,,,,,,,,,,,,,,,,,,,,,,,,,,,,
293,35,196,5,408,184,362,362,394,205,427,278,11,401,449,107,121,228,170,378,283,101,51,385,81,330,286,48,334,130,,,,,,,,,,,,,,,,,,,,,,,,,,,,,,
13,63,180,260,261,225,54,422,425,22,303,79,207,456,416,223,426,69,319,94,344,213,450,328,57,392,25,208,57,311,,,,,,,,,,,,,,,,,,,,,,,,,,,,,,
380,285,9,371,271,203,108,213,47,333,132,438,310,82,154,76,17,319,41,83,50,425,267,357,384,368,451,1,379,292,,,,,,,,,,,,,,,,,,,,,,,,,,,,,,
455,234,259,400,171,284,95,371,111,361,60,115,258,263,131,207,370,53,49,60,43,304,76,96,121,196,108,269,198,10,,,,,,,,,,,,,,,,,,,,,,,,,,,,,,
228,450,32,59,319,175,423,298,211,264,390,314,170,363,398,324,20,56,198,341,109,433,277,288,26,167,382,265,450,86,,,,,,,,,,,,,,,,,,,,,,,,,,,,,,
161,45,451,47,233,20,199,304,85,239,81,327,67,68,270,333,199,175,107,400,194,18,57,63,242,104,459,300,76,35,,,,,,,,,,,,,,,,,,,,,,,,,,,,,,
83,177,263,302,147,409,389,198,308,378,28,206,365,42,114,288,242,311,357,43,212,443,349,222,334,383,165,362,39,213,,,,,,,,,,,,,,,,,,,,,,,,,,,,,,
458,219,460,120,360,206,286,182,117,392,88,184,111,399,217,443,157,173,263,146,14,275,415,95,4,455,173,95,301,28,,,,,,,,,,,,,,,,,,,,,,,,,,,,,,
435,349,103,286,296,143,374,10,98,85,71,352,287,14,363,38,220,351,122,20,113,337,74,13,77,77,184,446,209,450,,,,,,,,,,,,,,,,,,,,,,,,,,,,,,
110,21,39,246,264,381,247,107,201,87,82,297,239,460,90,400,447,112,338,96,325,207,442,17,403,192,89,401,385,444,,,,,,,,,,,,,,,,,,,,,,,,,,,,,,
149,248,28,369,72,288,209,279,34,456,110,242,345,109,210,272,235,405,264,131,430,22,221,330,283,54,104,116,366,107,,,,,,,,,,,,,,,,,,,,,,,,,,,,,,
152,199,215,166,403,15,235,305,104,218,384,362,96,358,226,440,384,255,291,298,440,56,373,246,135,19,309,45,356,198,,,,,,,,,,,,,,,,,,,,,,,,,,,,,,
16,137,385,340,276,228,352,411,312,126,405,9,12,240,420,382,377,298,411,340,383,111,231,355,218,433,246,161,407,453,,,,,,,,,,,,,,,,,,,,,,,,,,,,,,
443,24,169,209,45,117,444,208,389,334,359,45,116,131,425,227,102,439,222,122,305,424,239,207,342,178,160,353,275,281,,,,,,,,,,,,,,,,,,,,,,,,,,,,,,
109,184,428,322,172,415,440,406,6,83,258,322,100,439,151,211,333,1,409,288,121,340,345,90,445,257,88,117,283,322,,,,,,,,,,,,,,,,,,,,,,,,,,,,,,
327,205,301,222,33,272,128,290,449,231,429,379,51,70,435,344,245,272,449,265,214,70,240,299,155,255,214,288,178,29,,,,,,,,,,,,,,,,,,,,,,,,,,,,,,
139,134,206,213,15,363,263,43,44,127,119,457,210,81,326,141,149,7,249,336,103,122,199,39,249,215,97,77,364,11,,,,,,,,,,,,,,,,,,,,,,,,,,,,,,
237,116,153,354,370,72,118,376,152,103,61,36,353,170,301,362,9,144,277,385,205,187,214,86,284,379,18,360,357,142,,,,,,,,,,,,,,,,,,,,,,,,,,,,,,
260,212,455,323,273,171,93,246,186,57,55,48,65,307,394,281,126,452,82,169,200,183,323,181,396,193,314,63,335,374,,,,,,,,,,,,,,,,,,,,,,,,,,,,,,
434,415,30,413,431,188,360,353,187,67,158,298,55,164,263,6,305,62,42,161,403,384,253,356,227,130,190,357,101,396,,,,,,,,,,,,,,,,,,,,,,,,,,,,,,
371,427,255,42,295,145,367,281,188,366,85,290,429,433,259,287,444,85,182,206,405,274,147,145,430,419,102,230,332,357,,,,,,,,,,,,,,,,,,,,,,,,,,,,,,
248,306,213,358,311,19,438,315,373,1,112,145,152,285,412,330,259,258,335,177,96,123,266,158,2,100,447,297,172,336,,,,,,,,,,,,,,,,,,,,,,,,,,,,,,
387,231,136,396,17,282,122,252,405,323,22,122,301,3,397,0,246,156,185,363,11,269,163,414,36,171,29,186,400,67,,,,,,,,,,,,,,,,,,,,,,,,,,,,,,
19,217,384,336,427,115,89,273,460,449,83,331,60,104,403,153,159,294,361,420,60,389,58,334,29,398,385,435,117,344,,,,,,,,,,,,,,,,,,,,,,,,,,,,,,
296,56,357,76,178,432,241,445,401,337,375,333,212,151,36,257,227,369,59,95,67,357,118,420,5,346,20,199,232,298,,,,,,,,,,,,,,,,,,,,,,,,,,,,,,
269,361,168,359,162,96,109,446,269,430,403,338,173,213,324,377,387,181,294,194,57,142,312,425,293,417,270,361,121,445,,,,,,,,,,,,,,,,,,,,,,,,,,,,,,
226,400,449,410,113,374,316,159,182,282,90,197,428,350,344,72,234,438,141,10,215,396,397,200,281,143,258,121,214,308,,,,,,,,,,,,,,,,,,,,,,,,,,,,,,
372,334,229,73,95,211,28,57,31,146,346,257,97,152,158,329,85,159,427,357,52,120,403,292,32,327,237,426,296,263,,,,,,,,,,,,,,,,,,,,,,,,,,,,,,
3,181,224,426,96,209,399,223,203,331,402,139,362,402,431,138,23,305,407,299,421,413,247,71,115,310,35,396,246,305,,,,,,,,,,,,,,,,,,,,,,,,,,,,,,
377,97,171,350,218,251,388,72,258,352,301,424,336,0,0,401,364,383,25,316,41,366,143,349,156,202,144,307,252,19,,,,,,,,,,,,,,,,,,,,,,,,,,,,,,
125,114,319,389,194,182,181,311,42,326,162,428,291,429,41,10,431,66,89,28,178,265,423,382,332,200,45,158,307,314,,,,,,,,,,,,,,,,,,,,,,,,,,,,,,
280,278,267,329,351,300,325,283,345,96,257,107,358,105,34,92,396,246,226,18,72,321,88,386,325,148,87,85,418,121,,,,,,,,,,,,,,,,,,,,,,,,,,,,,,
286,118,115,152,362,174,240,37,60,299,200,8,397,414,361,24,255,83,215,268,235,35,338,359,399,268,279,225,291,404,,,,,,,,,,,,,,,,,,,,,,,,,,,,,,
77,344,359,32,223,390,356,68,144,230,419,372,406,294,410,44,87,253,228,343,414,354,295,427,409,121,331,262,124,136,,,,,,,,,,,,,,,,,,,,,,,,,,,,,,
184,170,48,15,343,347,164,74,455,170,367,451,146,344,68,118,459,286,321,13,94,163,197,354,74,136,99,369,377,320,,,,,,,,,,,,,,,,,,,,,,,,,,,,,,
351,458,410,107,411,408,83,48,453,18,337,420,68,236,10,241,191,98,8,408,32,2,83,133,259,454,416,76,10,202,,,,,,,,,,,,,,,,,,,,,,,,,,,,,,
439,54,372,446,192,293,195,409,166,90,21,191,37,388,454,273,80,58,448,438,382,79,144,60,297,407,261,358,54,84,,,,,,,,,,,,,,,,,,,,,,,,,,,,,,
275,176,380,147,93,186,2,364,94,59,171,234,86,459,381,328,53,273,108,458,276,430,68,344,143,57,325,344,402,345,,,,,,,,,,,,,,,,,,,,,,,,,,,,,,
294,194,82,254,108,440,393,259,120,55,150,21,186,230,237,413,398,229,54,4,291,44,186,456,41,194,51,87,343,113,,,,,,,,,,,,,,,,,,,,,,,,,,,,,,
403,198,95,35,375,21,210,457,337,309,80,429,139,18,189,295,129,264,436,260,135,211,224,100,10,270,456,460,140,430,,,,,,,,,,,,,,,,,,,,,,,,,,,,,,
182,182,67,225,216,102,149,357,22,457,382,272,168,116,421,232,89,67,346,29,224,286,125,19,179,359,289,182,403,43,,,,,,,,,,,,,,,,,,,,,,,,,,,,,,
414,374,96,172,219,8,390,0,399,257,78,391,305,309,376,278,104,451,230,221,118,404,217,384,7,63,126,105,29,334,,,,,,,,,,,,,,,,,,,,,,,,,,,,,,
80,103,22,347,409,306,408,113,66,120,249,450,88,229,257,409,170,52,258,395,175,64,360,426,208,70,107,49,130,337,,,,,,,,,,,,,,,,,,,,,,,,,,,,,,
307,220,254,17,235,49,73,219,82,193,345,336,286,449,297,341,278,242,193,393,111,298,305,264,148,335,37,5,60,383,,,,,,,,,,,,,,,,,,,,,,,,,,,,,,
258,130,244,156,282,94,22,404,89,220,27,78,193,324,193,410,290,430,15,8,36,151,229,276,421,271,219,17,205,362,,,,,,,,,,,,,,,,,,,,,,,,,,,,,,
11,346,433,442,361,460,36,372,386,441,421,46,249,275,38,175,317,313,333,325,244,166,251,8,321,429,295,234,14,363,,,,,,,,,,,,,,,,,,,,,,,,,,,,,,
346,60,159,351,284,122,162,212,396,249,287,386,143,94,94,195,328,262,99,453,453,272,347,309,291,266,176,447,459,226,,,,,,,,,,,,,,,,,,,,,,,,,,,,,,
86,94,351,366,354,456,298,27,306,160,203,409,194,377,3,9,288,425,101,17,409,27,174,283,354,342,151,106,460,291,,,,,,,,,,,,,,,,,,,,,,,,,,,,,,
266,193,144,438,132,89,157,188,349,157,370,396,333,405,379,19,423,380,20,313,92,85,146,435,423,345,238,134,288,454,,,,,,,,,,,,,,,,,,,,,,,,,,,,,,
36,140,209,437,79,247,255,63,81,357,37,415,137,312,285,64,407,417,128,182,209,37,213,92,427,169,438,372,280,111,,,,,,,,,,,,,,,,,,,,,,,,,,,,,,
442,148,421,390,410,14,434,76,122,5,107,219,41,127,81,291,130,212,220,225,303,402,446,252,97,36,313,226,184,33,,,,,,,,,,,,,,,,,,,,,,,,,,,,,,
58,202,366,208,450,103,78,421,63,233,130,410,153,182,125,142,446,9,64,107,198,164,149,32,215,243,453,214,188,173,,,,,,,,,,,,,,,,,,,,,,,,,,,,,,
41,152,90,64,334,208,202,207,331,372,77,249,252,227,446,226,198,39,405,347,83,184,427,135,437,82,345,190,452,0,,,,,,,,,,,,,,,,,,,,,,,,,,,,,,
270,373,41,10,154,459,206,351,198,387,73,135,245,39,183,104,241,315,320,6,278,212,388,22,308,260,301,406,192,135,,,,,,,,,,,,,,,,,,,,,,,,,,,,,,
50,10,233,395,328,433,219,317,80,349,435,201,101,299,369,11,62,385,157,297,364,333,77,62,315,420,76,320,236,411,,,,,,,,,,,,,,,,,,,,,,,,,,,,,,
209,269,339,111,211,31,402,333,311,162,46,414,367,5,354,191,424,410,248,292,192,115,407,445,79,22,369,282,285,399,,,,,,,,,,,,,,,,,,,,,,,,,,,,,,
368,96,370,423,76,283,425,171,248,322,144,110,361,395,205,417,111,276,52,73,130,237,321,215,230,308,120,29,157,225,,,,,,,,,,,,,,,,,,,,,,,,,,,,,,
367,210,53,401,138,232,19,451,458,186,452,449,57,80,414,404,304,370,281,422,242,156,52,377,415,435,39,169,49,326,,,,,,,,,,,,,,,,,,,,,,,,,,,,,,
384,240,178,376,46,301,432,234,50,244,182,63,69,241,267,394,413,284,332,437,87,92,354,387,119,239,376,180,204,427,,,,,,,,,,,,,,,,,,,,,,,,,,,,,,
123,57,273,93,54,77,418,440,49,362,447,292,242,51,386,183,265,245,343,293,158,107,238,257,435,220,216,100,150,190,,,,,,,,,,,,,,,,,,,,,,,,,,,,,,
222,301,427,432,115,253,155,136,387,311,32,92,430,166,49,247,260,143,80,252,262,338,0,52,141,13,228,197,297,428,,,,,,,,,,,,,,,,,,,,,,,,,,,,,,
62,350,362,293,327,88,256,316,171,384,322,245,236,335,355,70,7,277,454,392,189,98,411,378,15,460,7,209,264,285,,,,,,,,,,,,,,,,,,,,,,,,,,,,,,
350,36,51,261,163,132,34,215,443,115,412,62,126,329,391,298,392,268,227,41,150,209,355,173,127,160,91,135,455,351,,,,,,,,,,,,,,,,,,,,,,,,,,,,,,
130,412,14,100,196,48,431,426,404,163,178,0,178,284,65,230,229,240,272,38,117,205,123,35,86,72,145,431,384,243,,,,,,,,,,,,,,,,,,,,,,,,,,,,,,
187,20,367,167,429,111,457,389,323,380,102,27,460,29,357,165,437,293,328,89,42,302,65,178,171,177,257,394,190,266,,,,,,,,,,,,,,,,,,,,,,,,,,,,,,
23,404,338,65,248,204,452,114,441,277,459,427,335,251,67,433,206,168,217,167,234,190,17,167,316,276,172,198,161,432,,,,,,,,,,,,,,,,,,,,,,,,,,,,,,
43,332,340,314,2,47,436,34,197,279,335,250,312,99,337,34,224,89,323,62,144,48,95,226,27,35,406,166,74,48,,,,,,,,,,,,,,,,,,,,,,,,,,,,,,
0,75,272,241,28,104,294,161,177,206,279,177,184,73,345,198,393,444,202,75,171,457,275,120,273,326,213,355,144,204,,,,,,,,,,,,,,,,,,,,,,,,,,,,,,
201,200,285,6,459,56,284,310,293,248,23,187,159,340,221,277,228,336,55,305,138,144,425,275,234,207,92,136,169,102,,,,,,,,,,,,,,,,,,,,,,,,,,,,,,
394,77,3,149,415,311,123,160,332,66,76,148,270,303,330,422,219,171,289,174,128,449,71,44,236,225,302,285,99,66,,,,,,,,,,,,,,,,,,,,,,,,,,,,,,
98,263,23,436,9,202,184,123,143,246,425,239,364,281,342,16,256,348,27,137,347,3,375,300,150,120,55,335,409,297,,,,,,,,,,,,,,,,,,,,,,,,,,,,,,
349,454,128,360,325,401,351,108,162,364,86,411,373,77,194,192,162,38,459,424,219,57,233,324,456,216,418,131,15,451,,,,,,,,,,,,,,,,,,,,,,,,,,,,,,
304,149,165,430,407,250,331,405,100,376,231,408,215,259,287,411,223,151,146,109,124,273,131,76,67,29,290,39,43,332,,,,,,,,,,,,,,,,,,,,,,,,,,,,,,
448,403,201,148,153,178,4,398,138,398,396,390,233,391,32,68,453,160,339,15,338,43,274,208,224,347,111,215,58,350,,,,,,,,,,,,,,,,,,,,,,,,,,,,,,
178,2,45,362,97,137,412,169,299,106,408,158,386,228,441,260,394,449,71,132,449,296,234,212,450,188,414,43,454,387,,,,,,,,,,,,,,,,,,,,,,,,,,,,,,
256,52,381,387,239,285,289,180,448,308,92,143,155,243,161,21,341,50,152,366,203,210,367,267,40,424,198,54,167,253,,,,,,,,,,,,,,,,,,,,,,,,,,,,,,
94,262,353,252,102,457,311,374,340,459,5,273,201,125,27,143,306,43,29,240,301,93,230,311,390,325,121,434,220,215,,,,,,,,,,,,,,,,,,,,,,,,,,,,,,
428,253,235,321,184,281,76,231,226,194,394,59,54,249,359,184,401,180,214,295,182,295,18,216,260,180,186,299,174,341,,,,,,,,,,,,,,,,,,,,,,,,,,,,,,
95,259,415,185,57,3,455,82,110,40,292,202,408,4,307,248,93,166,17,3,197,232,341,399,131,233,250,418,267,373,,,,,,,,,,,,,,,,,,,,,,,,,,,,,,
409,333,237,141,215,339,59,14,131,224,449,381,224,412,1,212,4,117,183,452,368,147,377,9,401,405,206,304,75,352,,,,,,,,,,,,,,,,,,,,,,,,,,,,,,
169,321,42,132,336,189,50,291,109,129,72,208,52,46,227,442,409,36,165,68,16,170,262,371,398,165,60,35,147,365,,,,,,,,,,,,,,,,,,,,,,,,,,,,,,
69,183,232,356,148,91,458,166,86,178,455,443,151,153,144,289,42,35,139,134,280,419,55,388,196,126,233,315,425,161,,,,,,,,,,,,,,,,,,,,,,,,,,,,,,
305,151,79,118,165,260,86,46,229,442,208,149,188,28,313,371,285,204,147,163,402,34,162,285,53,439,393,309,457,87,,,,,,,,,,,,,,,,,,,,,,,,,,,,,,
48,416,185,244,112,397,99,369,313,10,106,123,379,244,367,199,106,140,110,448,336,153,356,295,125,264,445,276,255,358,,,,,,,,,,,,,,,,,,,,,,,,,,,,,,
341,302,436,287,256,371,180,112,124,195,437,311,265,411,426,179,279,95,398,253,114,409,216,104,9,64,3,124,6,64,,,,,,,,,,,,,,,,,,,,,,,,,,,,,,
207,190,220,119,458,276,328,329,294,24,20,16,294,390,162,63,291,300,5,387,100,363,419,312,78,393,278,142,152,210,,,,,,,,,,,,,,,,,,,,,,,,,,,,,,
279,74,268,455,400,291,376,325,353,270,35,224,424,9,132,453,181,214,351,372,441,222,177,441,296,214,142,110,226,443,,,,,,,,,,,,,,,,,,,,,,,,,,,,,,
227,348,112,38,434,50,312,28,27,318,422,412,458,370,352,105,380,24,424,414,302,391,92,454,31,403,157,323,215,157,,,,,,,,,,,,,,,,,,,,,,,,,,,,,,
148,243,11,393,91,57,411,359,192,291,129,229,444,218,254,217,250,106,79,289,451,148,310,91,377,338,415,332,98,203,,,,,,,,,,,,,,,,,,,,,,,,,,,,,,
143,445,150,450,114,195,424,340,150,43,360,308,304,332,245,62,295,447,187,123,287,220,171,182,75,386,408,402,248,14,,,,,,,,,,,,,,,,,,,,,,,,,,,,,,
334,87,234,306,70,399,213,284,363,321,100,456,244,198,295,256,312,354,265,7,340,262,422,315,426,175,149,107,276,112,,,,,,,,,,,,,,,,,,,,,,,,,,,,,,
180,239,85,84,116,164,318,408,362,408,270,343,275,67,18,214,253,346,251,106,167,91,9,419,158,172,153,408,105,426,,,,,,,,,,,,,,,,,,,,,,,,,,,,,,
356,143,246,224,412,239,308,326,243,253,358,97,176,112,171,69,37,288,191,342,300,359,270,172,352,332,423,12,183,379,,,,,,,,,,,,,,,,,,,,,,,,,,,,,,
131,383,134,19,121,309,103,119,227,45,373,125,246,353,5,190,282,193,300,404,433,132,342,232,54,32,422,272,244,403,,,,,,,,,,,,,,,,,,,,,,,,,,,,,,
415,266,143,72,274,59,288,90,91,438,101,61,136,247,303,313,391,234,44,454,102,311,445,433,250,31,193,47,249,394,,,,,,,,,,,,,,,,,,,,,,,,,,,,,,
459,288,425,75,386,26,48,16,454,393,428,81,292,52,206,326,41,27,403,279,185,167,406,36,328,232,73,203,118,224,,,,,,,,,,,,,,,,,,,,,,,,,,,,,,
262,136,271,361,433,144,375,377,41,303,84,460,158,410,220,378,1,392,67,267,46,440,383,156,165,235,77,444,206,209,,,,,,,,,,,,,,,,,,,,,,,,,,,,,,
324,166,360,264,299,369,339,346,447,289,175,324,127,404,153,365,11,404,62,64,282,276,289,2,264,374,40,119,112,176,,,,,,,,,,,,,,,,,,,,,,,,,,,,,,
203,83,290,40,179,25,341,274,130,315,436,56,123,102,64,5,356,330,53,57,270,285,154,242,51,187,402,21,16,306,,,,,,,,,,,,,,,,,,,,,,,,,,,,,,
84,407,182,391,197,383,12,87,4,355,139,19,316,107,107,225,411,42,46,444,323,362,237,308,107,173,101,83,304,170,,,,,,,,,,,,,,,,,,,,,,,,,,,,,,
121,155,364,110,105,303,353,226,292,453,334,86,298,372,126,106,160,440,269,227,238,95,228,289,59,422,419,130,429,169,,,,,,,,,,,,,,,,,,,,,,,,,,,,,,
402,356,306,303,20,141,369,151,336,74,155,326,82,126,281,318,136,279,229,193,1,215,435,48,292,303,9,329,19,147,,,,,,,,,,,,,,,,,,,,,,,,,,,,,,
425,381,383,415,237,328,139,441,283,440,187,246,296,423,280,234,390,361,181,315,385,297,395,141,335,38,401,229,230,366,,,,,,,,,,,,,,,,,,,,,,,,,,,,,,
91,279,396,48,212,315,416,51,318,375,263,137,273,437,103,17,150,198,371,201,284,236,391,223,85,265,70,452,382,61,,,,,,,,,,,,,,,,,,,,,,,,,,,,,,
82,126,397,18,183,156,52,81,278,89,79,316,114,122,58,88,68,195,174,22,297,398,302,352,404,412,251,286,7,354,,,,,,,,,,,,,,,,,,,,,,,,,,,,,,
267,195,4,43,182,81,144,42,372,212,104,34,213,304,8,80,404,8,441,232,420,411,67,183,181,14,435,123,329,230,,,,,,,,,,,,,,,,,,,,,,,,,,,,,,
119,265,133,273,377,130,178,403,23,363,307,296,234,88,33,181,277,199,295,101,257,219,232,331,199,94,303,33,160,46,,,,,,,,,,,,,,,,,,,,,,,,,,,,,,
358,423,44,90,355,355,334,236,348,281,339,138,138,169,71,345,247,363,76,24,75,71,170,406,237,16,429,441,351,240,,,,,,,,,,,,,,,,,,,,,,,,,,,,,,
291,104,352,373,84,449,9,130,62,145,206,254,371,85,121,156,71,323,396,439,112,83,179,160,231,341,271,4,134,114,,,,,,,,,,,,,,,,,,,,,,,,,,,,,,
57,153,250,275,59,297,391,289,24,12,53,76,78,195,322,335,202,191,271,54,179,139,393,336,198,217,68,19,427,247,,,,,,,,,,,,,,,,,,,,,,,,,,,,,,
321,282,289,334,58,173,92,394,195,21,457,26,338,277,181,390,299,341,190,411,437,339,16,219,414,289,370,219,46,416,,,,,,,,,,,,,,,,,,,,,,,,,,,,,,
257,226,284,160,156,217,238,382,385,104,269,288,26,44,459,435,244,350,327,377,108,172,429,99,429,78,33,379,122,371,,,,,,,,,,,,,,,,,,,,,,,,,,,,,,
376,367,203,114,455,85,330,366,268,391,369,43,423,106,63,96,249,75,270,202,306,328,184,380,279,91,449,457,310,108,,,,,,,,,,,,,,,,,,,,,,,,,,,,,,
413,25,135,328,424,256,449,88,423,423,284,96,264,215,112,450,318,290,51,319,290,251,4,235,331,387,36,356,38,219,,,,,,,,,,,,,,,,,,,,,,,,,,,,,,
42,196,145,68,326,261,323,332,262,419,114,83,422,445,160,100,283,342,306,419,153,400,115,410,395,183,391,149,419,290,,,,,,,,,,,,,,,,,,,,,,,,,,,,,,
105,64,405,215,198,147,13,29,251,179,288,252,27,63,440,115,322,96,420,186,64,412,132,117,190,380,42,224,293,1,,,,,,,,,,,,,,,,,,,,,,,,,,,,,,
388,15,439,392,170,222,277,53,302,27,424,366,4,32,218,387,70,301,14,236,263,446,303,341,22,323,24,247,91,328,,,,,,,,,,,,,,,,,,,,,,,,,,,,,,
427,297,71,131,60,190,127,460,450,36,395,361,142,452,250,308,336,164,145,296,316,171,315,1,222,267,361,455,435,402,,,,,,,,,,,,,,,,,,,,,,,,,,,,,,
273,371,118,1,175,317,169,360,119,228,294,185,22,124,230,145,78,107,211,46,196,459,206,113,114,190,123,151,217,40,,,,,,,,,,,,,,,,,,,,,,,,,,,,,,
411,109,412,187,107,278,335,240,107,271,291,73,180,191,400,340,408,194,212,368,272,31,121,446,151,448,41,439,376,24,,,,,,,,,,,,,,,,,,,,,,,,,,,,,,
38,336,458,227,309,365,269,339,344,373,282,373,70,114,286,393,142,149,457,140,73,130,107,174,176,109,82,317,123,261,,,,,,,,,,,,,,,,,,,,,,,,,,,,,,
389,308,393,178,406,431,357,45,193,276,361,248,3,426,332,53,433,416,90,156,285,102,285,253,187,364,129,291,36,239,,,,,,,,,,,,,,,,,,,,,,,,,,,,,,
53,26,216,327,181,138,337,280,146,192,431,401,350,233,388,108,354,110,171,308,356,258,44,404,73,356,395,233,199,388,,,,,,,,,,,,,,,,,,,,,,,,,,,,,,
431,76,74,181,324,368,205,243,300,72,191,247,42,384,118,149,32,434,2,335,392,125,187,184,217,135,341,10,2,144,,,,,,,,,,,,,,,,,,,,,,,,,,,,,,
128,43,454,133,371,166,75,391,185,177,99,392,289,246,235,406,448,233,267,455,28,342,84,165,240,245,323,279,391,330,,,,,,,,,,,,,,,,,,,,,,,,,,,,,,
290,280,441,223,245,342,57,229,148,305,308,233,349,379,325,321,405,120,22,434,391,388,390,372,145,369,266,71,320,128,,,,,,,,,,,,,,,,,,,,,,,,,,,,,,
28,3,248,248,203,243,65,66,274,426,323,271,402,100,429,457,0,170,57,119,352,175,220,274,50,274,63,252,394,186,,,,,,,,,,,,,,,,,,,,,,,,,,,,,,
183,422,94,283,300,413,403,263,277,202,89,136,280,221,384,48,350,133,261,352,412,25,59,192,255,147,218,92,47,52,,,,,,,,,,,,,,,,,,,,,,,,,,,,,,
370,49,407,168,65,262,30,260,272,110,278,295,334,267,365,60,455,263,130,78,17,386,209,0,95,105,234,349,223,355,,,,,,,,,,,,,,,,,,,,,,,,,,,,,,
163,405,406,335,260,123,239,355,422,91,285,49,191,393,137,249,166,312,116,384,81,266,374,54,98,294,326,374,28,245,,,,,,,,,,,,,,,,,,,,,,,,,,,,,,
151,387,429,263,312,391,45,427,445,26,409,207,435,183,28,314,22,297,166,168,308,17,20,375,207,324,296,400,200,260,,,,,,,,,,,,,,,,,,,,,,,,,,,,,,
244,451,93,142,225,327,394,104,459,63,354,446,449,409,346,83,316,10,240,326,151,145,193,28,371,258,119,192,21,448,,,,,,,,,,,,,,,,,,,,,,,,,,,,,,
202,30,18,245,246,113,191,22,15,379,362,444,75,420,390,215,269,422,235,112,279,202,432,206,370,287,334,257,173,278,,,,,,,,,,,,,,,,,,,,,,,,,,,,,,
31,121,283,300,25,255,104,168,341,421,11,132,187,273,271,129,56,388,360,180,460,460,257,383,3,440,446,339,20,63,,,,,,,,,,,,,,,,,,,,,,,,,,,,,,
32,115,292,27,335,24,456,41,231,8,277,50,79,212,338,113,35,259,354,456,133,193,104,448,412,179,306,449,31,182,,,,,,,,,,,,,,,,,,,,,,,,,,,,,,
127,428,313,138,416,305,380,309,239,424,417,238,421,268,240,253,125,33,292,44,99,314,66,49,438,361,436,195,86,441,,,,,,,,,,,,,,,,,,,,,,,,,,,,,,
185,216,31,363,187,213,257,232,223,60,156,52,440,220,268,47,443,283,92,337,176,244,250,350,288,164,57,343,63,205,,,,,,,,,,,,,,,,,,,,,,,,,,,,,,
432,264,321,89,27,344,246,306,37,49,387,80,43,196,417,426,25,250,402,412,436,249,208,20,161,110,43,137,347,58,,,,,,,,,,,,,,,,,,,,,,,,,,,,,,
288,209,140,428,110,378,299,331,14,306,59,31,248,305,248,116,118,458,219,99,322,336,306,293,243,388,284,260,271,141,,,,,,,,,,,,,,,,,,,,,,,,,,,,,,
398,316,89,411,160,179,218,418,364,339,15,121,401,416,455,52,186,74,435,307,33,116,288,176,168,256,124,38,363,360,,,,,,,,,,,,,,,,,,,,,,,,,,,,,,
421,384,158,23,240,120,27,410,127,234,186,211,259,325,291,397,211,217,106,157,53,12,252,335,416,314,85,201,81,49,,,,,,,,,,,,,,,,,,,,,,,,,,,,,,
147,1,286,96,414,389,187,450,180,283,250,351,274,431,80,139,103,374,303,147,360,160,254,379,343,5,147,438,381,312,,,,,,,,,,,,,,,,,,,,,,,,,,,,,,
285,313,342,79,173,373,265,96,296,56,442,302,453,188,261,361,214,321,316,339,187,245,212,33,322,144,319,290,229,208,,,,,,,,,,,,,,,,,,,,,,,,,,,,,,
429,22,348,441,73,180,159,444,145,141,205,196,262,360,309,279,15,302,138,76,295,97,159,171,49,103,322,189,9,137,,,,,,,,,,,,,,,,,,,,,,,,,,,,,,
177,317,141,192,109,290,384,1,228,377,393,88,266,55,456,238,171,134,160,370,354,204,279,7,136,210,127,251,358,119,,,,,,,,,,,,,,,,,,,,,,,,,,,,,,
99,319,382,242,123,22,251,177,233,44,93,325,288,313,236,23,372,209,137,450,93,454,205,318,30,385,194,112,322,275,,,,,,,,,,,,,,,,,,,,,,,,,,,,,,
338,7,409,370,134,314,273,370,165,2,64,323,366,291,50,359,385,353,36,250,327,445,150,459,373,41,80,183,410,421,,,,,,,,,,,,,,,,,,,,,,,,,,,,,,
335,455,243,171,208,332,248,312,8,437,146,255,339,53,274,155,65,326,50,16,318,260,13,106,459,362,62,152,458,395,,,,,,,,,,,,,,,,,,,,,,,,,,,,,,
197,141,13,326,146,296,379,15,371,389,392,380,317,194,229,7,36,55,109,431,204,282,282,413,194,137,132,312,170,227,,,,,,,,,,,,,,,,,,,,,,,,,,,,,,
243,86,77,67,352,11,173,102,236,317,13,58,203,369,133,194,399,60,144,12,374,399,334,97,56,377,197,325,438,129,,,,,,,,,,,,,,,,,,,,,,,,,,,,,,
115,352,440,145,119,412,324,335,114,32,124,33,202,337,169,275,452,454,201,373,218,109,204,110,422,254,427,191,327,184,,,,,,,,,,,,,,,,,,,,,,,,,,,,,,
404,241,179,408,158,280,207,157,432,229,446,38,387,357,184,403,187,289,47,303,259,284,430,360,201,146,114,44,309,214,,,,,,,,,,,,,,,,,,,,,,,,,,,,,,
265,215,177,457,417,146,67,205,284,237,326,359,25,341,204,121,417,12,304,82,307,104,379,69,149,125,342,275,51,274,,,,,,,,,,,,,,,,,,,,,,,,,,,,,,
72,68,443,81,419,1,231,300,101,273,14,51,141,260,375,294,403,254,445,56,341,324,3,346,21,86,15,6,265,12,,,,,,,,,,,,,,,,,,,,,,,,,,,,,,
333,50,200,231,100,75,232,19,384,30,389,363,447,201,148,81,57,384,406,219,288,421,24,129,183,30,410,250,440,120,,,,,,,,,,,,,,,,,,,,,,,,,,,,,,
25,398,33,37,291,139,41,293,205,185,329,426,6,203,315,210,346,28,257,175,250,437,11,316,0,431,125,311,102,380,,,,,,,,,,,,,,,,,,,,,,,,,,,,,,
165,413,62,330,89,446,101,39,93,297,363,260,255,265,84,29,79,223,131,230,79,252,416,258,387,65,389,75,270,234,,,,,,,,,,,,,,,,,,,,,,,,,,,,,,
337,156,122,385,82,149,120,361,206,166,68,102,263,327,356,162,297,163,301,151,15,224,314,322,52,203,31,0,18,318,,,,,,,,,,,,,,,,,,,,,,,,,,,,,,
445,252,363,140,269,403,37,196,418,262,164,195,357,295,238,454,48,409,340,426,339,179,167,150,126,205,204,428,315,187,,,,,,,,,,,,,,,,,,,,,,,,,,,,,,
174,395,344,34,204,160,133,143,74,319,255,167,105,231,304,27,21,391,442,399,159,162,102,337,294,44,130,391,354,238,,,,,,,,,,,,,,,,,,,,,,,,,,,,,,
447,402,54,388,104,258,84,266,287,131,75,293,144,271,122,367,445,375,439,158,438,60,15,26,44,27,264,383,349,384,,,,,,,,,,,,,,,,,,,,,,,,,,,,,,
39,357,395,125,373,308,0,318,65,266,245,116,190,167,246,133,192,274,88,405,4,45,130,398,434,80,417,432,143,221,,,,,,,,,,,,,,,,,,,,,,,,,,,,,,
193,254,239,236,384,331,443,416,160,184,138,124,443,364,444,168,197,329,259,216,177,206,164,423,164,437,324,68,61,417,,,,,,,,,,,,,,,,,,,,,,,,,,,,,,
314,276,356,301,74,329,451,23,116,41,234,404,230,306,233,8,194,231,167,110,394,118,320,93,455,113,110,167,393,347,,,,,,,,,,,,,,,,,,,,,,,,,,,,,,
396,178,16,416,118,458,260,415,402,17,456,218,253,342,253,383,49,399,129,436,174,129,151,428,313,399,236,392,269,117,,,,,,,,,,,,,,,,,,,,,,,,,,,,,,
88,281,371,253,418,229,32,237,366,238,111,287,272,266,317,425,12,371,415,217,225,263,148,148,458,204,161,218,108,248,,,,,,,,,,,,,,,,,,,,,,,,,,,,,,
70,390,420,176,141,438,25,17,314,385,341,319,251,97,428,290,429,379,451,460,170,427,69,422,311,7,26,42,155,241,,,,,,,,,,,,,,,,,,,,,,,,,,,,,,
87,237,40,92,389,430,154,221,376,7,133,47,282,389,110,423,379,395,345,115,191,94,155,119,94,208,185,366,115,250,,,,,,,,,,,,,,,,,,,,,,,,,,,,,,
292,71,256,109,436,126,365,431,158,428,401,213,40,162,328,93,6,338,388,183,127,152,241,405,109,158,333,345,433,296,,,,,,,,,,,,,,,,,,,,,,,,,,,,,,
242,129,73,280,49,454,61,118,400,39,226,455,118,22,202,45,435,227,156,401,2,264,94,138,359,112,75,72,316,59,,,,,,,,,,,,,,,,,,,,,,,,,,,,,,
277,144,8,338,278,410,208,85,297,324,152,95,162,440,241,252,153,4,136,429,369,268,350,169,252,411,1,23,85,436,,,,,,,,,,,,,,,,,,,,,,,,,,,,,,
211,448,456,71,432,442,138,203,260,31,264,433,71,322,98,14,90,207,253,354,141,407,353,363,58,446,281,398,365,22,,,,,,,,,,,,,,,,,,,,,,,,,,,,,,
9,335,413,161,332,236,156,199,415,278,66,162,278,159,188,146,39,123,434,160,25,435,211,202,393,231,318,185,48,65,,,,,,,,,,,,,,,,,,,,,,,,,,,,,,
359,133,221,332,451,153,234,155,381,429,242,263,331,330,419,392,347,356,428,77,24,192,408,147,306,228,336,348,191,125,,,,,,,,,,,,,,,,,,,,,,,,,,,,,,
195,203,156,269,259,244,358,156,452,240,174,360,404,308,120,84,237,129,151,211,293,140,369,277,87,8,362,103,360,406,,,,,,,,,,,,,,,,,,,,,,,,,,,,,,
251,393,123,439,130,354,249,384,123,313,433,75,393,19,368,358,31,145,255,102,240,87,361,256,360,73,335,407,339,251,,,,,,,,,,,,,,,,,,,,,,,,,,,,,,
323,255,369,337,241,230,327,375,321,406,190,299,218,424,48,356,438,401,374,449,312,259,352,440,385,400,365,211,136,56,,,,,,,,,,,,,,,,,,,,,,,,,,,,,,
192,72,320,91,253,16,406,133,69,390,325,22,412,354,260,448,457,343,317,432,31,32,296,131,197,118,106,67,133,438,,,,,,,,,,,,,,,,,,,,,,,,,,,,,,
117,396,15,80,390,74,268,396,121,143,120,72,223,245,312,300,40,192,143,262,328,278,34,249,439,189,227,25,361,126,,,,,,,,,,,,,,,,,,,,,,,,,,,,,,
47,235,125,191,155,176,344,245,238,241,275,15,271,110,207,132,230,387,318,318,184,5,236,152,174,206,201,196,340,348,,,,,,,,,,,,,,,,,,,,,,,,,,,,,,
172,37,265,409,331,338,107,456,169,111,298,168,355,93,457,373,83,418,132,309,19,257,371,362,122,355,394,175,451,382,,,,,,,,,,,,,,,,,,,,,,,,,,,,,,
